filename,mass
kres_radius_250.0_phi_0.09_thickness_0.6_ER_200.0.csv,0.061137311383829815
kres_radius_250.0_phi_-0.16_thickness_6.7_ER_18.4.csv,6.799963089489026
kres_radius_250.0_phi_-0.42_thickness_0.9_ER_132.8.csv,0.106646635586567
kres_radius_250.0_phi_0.42_thickness_6.2_ER_18.4.csv,6.2145648610790705
kres_radius_250.0_phi_0.09_thickness_1.3_ER_92.4.csv,0.2863470643450705
kres_radius_250.0_phi_0.23_thickness_0.7_ER_173.1.csv,0.07906242228490767
kres_radius_250.0_phi_-0.31_thickness_2.6_ER_45.3.csv,1.021038888103138
kres_radius_250.0_phi_0.45_thickness_0.7_ER_159.7.csv,0.08016724711553322
kres_radius_250.0_phi_0.09_thickness_0.8_ER_152.9.csv,0.10456228727629255
kres_radius_250.0_phi_0.23_thickness_1.7_ER_72.2.csv,0.4539515419822371
kres_radius_250.0_phi_-0.45_thickness_0.7_ER_166.4.csv,0.0648921835069462
kres_radius_250.0_phi_-0.02_thickness_3.2_ER_38.6.csv,1.6288262810009884
kres_radius_250.0_phi_0.34_thickness_0.7_ER_173.1.csv,0.07467613967753778
kres_radius_250.0_phi_0.16_thickness_2.4_ER_52.1.csv,0.893116006527511
kres_radius_250.0_phi_-0.16_thickness_0.7_ER_173.1.csv,0.07723367229444758
kres_radius_250.0_phi_0.05_thickness_2.1_ER_58.8.csv,0.7079295629906852
kres_radius_250.0_phi_-0.49_thickness_1.1_ER_99.1.csv,0.17383049596904254
kres_radius_250.0_phi_-0.45_thickness_1.9_ER_58.8.csv,0.5196826961090462
kres_radius_250.0_phi_-0.13_thickness_1.4_ER_85.7.csv,0.32042790407490174
kres_radius_250.0_phi_0.27_thickness_0.6_ER_186.6.csv,0.0670179379457537
kres_radius_250.0_phi_0.49_thickness_2.1_ER_52.1.csv,0.724803231143026
kres_radius_250.0_phi_0.38_thickness_2.6_ER_45.3.csv,1.0601445594444507
kres_radius_250.0_phi_-0.45_thickness_1.1_ER_105.9.csv,0.1602914184401319
kres_radius_250.0_phi_-0.05_thickness_0.7_ER_186.6.csv,0.06926519273359283
kres_radius_250.0_phi_0.2_thickness_1.7_ER_72.2.csv,0.45964037233394006
kres_radius_250.0_phi_0.27_thickness_6.5_ER_18.4.csv,6.852957322351695
kres_radius_250.0_phi_-0.31_thickness_6.5_ER_18.4.csv,6.168594536746086
kres_radius_250.0_phi_-0.13_thickness_1.3_ER_92.4.csv,0.27549487691313984
kres_radius_250.0_phi_-0.13_thickness_1.9_ER_65.5.csv,0.5481203335016442
kres_radius_250.0_phi_0.42_thickness_22.8_ER_5.0.csv,84.60232234779346
kres_radius_250.0_phi_-0.34_thickness_0.7_ER_166.4.csv,0.07338295867980815
kres_radius_250.0_phi_0.13_thickness_0.9_ER_139.5.csv,0.12525835935790178
kres_radius_250.0_phi_0.02_thickness_0.7_ER_186.6.csv,0.07016038527279475
kres_radius_250.0_phi_-0.23_thickness_3.1_ER_38.6.csv,1.4874864874677556
kres_radius_250.0_phi_-0.49_thickness_1.3_ER_85.7.csv,0.2326745492259986
kres_radius_250.0_phi_0.49_thickness_0.7_ER_159.7.csv,0.07709248293033105
kres_radius_250.0_phi_-0.09_thickness_1.9_ER_65.5.csv,0.5556044601035218
kres_radius_250.0_phi_-0.34_thickness_2.3_ER_52.1.csv,0.7492658841345154
kres_radius_250.0_phi_0.05_thickness_2.4_ER_52.1.csv,0.9025783684281372
kres_radius_250.0_phi_-0.31_thickness_4.7_ER_25.2.csv,3.313203173728933
kres_radius_250.0_phi_-0.16_thickness_1.7_ER_72.2.csv,0.44345143517956664
kres_radius_250.0_phi_0.13_thickness_3.9_ER_31.9.csv,2.3953021560531456
kres_radius_250.0_phi_0.2_thickness_2.1_ER_58.8.csv,0.6939648214869054
kres_radius_250.0_phi_0.05_thickness_1.2_ER_105.9.csv,0.21835445870544998
kres_radius_250.0_phi_0.09_thickness_3.9_ER_31.9.csv,2.403692219081999
kres_radius_250.0_phi_0.52_thickness_0.9_ER_119.3.csv,0.13207181867007378
kres_radius_250.0_phi_0.13_thickness_0.7_ER_166.4.csv,0.08803373652008795
kres_radius_250.0_phi_0.09_thickness_1.1_ER_112.6.csv,0.19292830638678216
kres_radius_250.0_phi_-0.2_thickness_3.8_ER_31.9.csv,2.2307327364483394
kres_radius_250.0_phi_0.38_thickness_0.6_ER_200.0.csv,0.05449549571359484
kres_radius_250.0_phi_-0.52_thickness_0.6_ER_179.8.csv,0.04997937054629978
kres_radius_250.0_phi_0.34_thickness_10.0_ER_11.7.csv,16.279140054756255
kres_radius_250.0_phi_0.13_thickness_1.3_ER_99.1.csv,0.24795226099332757
kres_radius_250.0_phi_-0.38_thickness_1.2_ER_99.1.csv,0.1992258555557687
kres_radius_250.0_phi_0.05_thickness_1.5_ER_85.7.csv,0.3332621787632024
kres_radius_250.0_phi_0.05_thickness_2.8_ER_45.3.csv,1.1901105627393753
kres_radius_250.0_phi_0.13_thickness_24.8_ER_5.0.csv,97.47825956114019
kres_radius_250.0_phi_-0.05_thickness_0.6_ER_193.3.csv,0.06452950643647845
kres_radius_250.0_phi_0.02_thickness_1.3_ER_99.1.csv,0.24843386582414329
kres_radius_250.0_phi_-0.2_thickness_0.7_ER_166.4.csv,0.0819853718542183
kres_radius_250.0_phi_-0.02_thickness_10.7_ER_11.7.csv,17.67473777584462
kres_radius_250.0_phi_0.49_thickness_0.6_ER_179.8.csv,0.060766663289821055
kres_radius_250.0_phi_0.34_thickness_0.7_ER_166.4.csv,0.0808341094936164
kres_radius_250.0_phi_-0.09_thickness_1.0_ER_119.3.csv,0.16754085510489097
kres_radius_250.0_phi_0.02_thickness_1.2_ER_105.9.csv,0.2178761761082541
kres_radius_250.0_phi_-0.34_thickness_4.7_ER_25.2.csv,3.205856900760196
kres_radius_250.0_phi_0.2_thickness_0.7_ER_166.4.csv,0.08665459304391407
kres_radius_250.0_phi_0.23_thickness_1.0_ER_119.3.csv,0.16642760086776928
kres_radius_250.0_phi_-0.09_thickness_0.9_ER_132.8.csv,0.13531672126656863
kres_radius_250.0_phi_-0.23_thickness_3.8_ER_31.9.csv,2.1807486338986735
kres_radius_250.0_phi_0.42_thickness_0.9_ER_126.0.csv,0.13315072225423313
kres_radius_250.0_phi_-0.02_thickness_0.9_ER_132.8.csv,0.1378444720450423
kres_radius_250.0_phi_0.16_thickness_0.8_ER_152.9.csv,0.10353197985601251
kres_radius_250.0_phi_-0.13_thickness_24.8_ER_5.0.csv,94.11245678672702
kres_radius_250.0_phi_-0.34_thickness_0.8_ER_139.5.csv,0.10441257377464641
kres_radius_250.0_phi_0.13_thickness_1.4_ER_85.7.csv,0.33188756802755726
kres_radius_250.0_phi_-0.49_thickness_0.5_ER_200.0.csv,0.042711584222476735
kres_radius_250.0_phi_-0.42_thickness_0.8_ER_139.5.csv,0.09661210980803966
kres_radius_250.0_phi_0.38_thickness_1.6_ER_72.2.csv,0.41768467388664454
kres_radius_250.0_phi_-0.52_thickness_0.8_ER_139.5.csv,0.08307347084089786
kres_radius_250.0_phi_-0.05_thickness_25.0_ER_5.0.csv,96.4214310319176
kres_radius_250.0_phi_0.27_thickness_0.9_ER_132.8.csv,0.13233177328993856
kres_radius_250.0_phi_-0.31_thickness_0.7_ER_173.1.csv,0.07006261691402316
kres_radius_250.0_phi_-0.02_thickness_0.7_ER_173.1.csv,0.08107806570084758
kres_radius_250.0_phi_0.27_thickness_0.6_ER_193.3.csv,0.06243589727185772
kres_radius_250.0_phi_0.38_thickness_0.8_ER_152.9.csv,0.09320288297100318
kres_radius_250.0_phi_0.31_thickness_4.7_ER_25.2.csv,3.611623436289852
kres_radius_250.0_phi_-0.49_thickness_2.1_ER_52.1.csv,0.6301555603895079
kres_radius_250.0_phi_0.2_thickness_0.6_ER_193.3.csv,0.06421477845090115
kres_radius_250.0_phi_-0.42_thickness_0.7_ER_159.7.csv,0.07374059476798836
kres_radius_250.0_phi_-0.09_thickness_1.1_ER_112.6.csv,0.18815101003719087
kres_radius_250.0_phi_-0.09_thickness_10.6_ER_11.7.csv,17.350623710845266
kres_radius_250.0_phi_-0.31_thickness_1.0_ER_119.3.csv,0.1474828737411999
kres_radius_250.0_phi_0.34_thickness_0.7_ER_179.8.csv,0.06919594871456691
kres_radius_250.0_phi_-0.34_thickness_0.6_ER_200.0.csv,0.05078481398380229
kres_radius_250.0_phi_0.31_thickness_0.7_ER_166.4.csv,0.08267106786002794
kres_radius_250.0_phi_-0.16_thickness_0.7_ER_186.6.csv,0.06649968516196805
kres_radius_250.0_phi_-0.31_thickness_0.8_ER_152.9.csv,0.0897648977669506
kres_radius_250.0_phi_-0.38_thickness_0.6_ER_179.8.csv,0.06054980837701371
kres_radius_250.0_phi_0.45_thickness_0.6_ER_200.0.csv,0.051086125436711476
kres_radius_250.0_phi_-0.05_thickness_3.9_ER_31.9.csv,2.36933304595596
kres_radius_250.0_phi_-0.52_thickness_0.8_ER_132.8.csv,0.09170181863623153
kres_radius_250.0_phi_-0.13_thickness_6.7_ER_18.4.csv,6.913143170376225
kres_radius_250.0_phi_0.38_thickness_1.1_ER_105.9.csv,0.19450906384209168
kres_radius_250.0_phi_0.13_thickness_1.2_ER_105.9.csv,0.2174538093001488
kres_radius_250.0_phi_-0.45_thickness_1.7_ER_65.5.csv,0.418484927882659
kres_radius_250.0_phi_0.31_thickness_1.1_ER_112.6.csv,0.18054348094893524
kres_radius_250.0_phi_-0.52_thickness_0.7_ER_159.7.csv,0.06340703211451013
kres_radius_250.0_phi_-0.09_thickness_1.0_ER_126.0.csv,0.15014060539400992
kres_radius_250.0_phi_0.45_thickness_0.9_ER_126.0.csv,0.1286424166202978
kres_radius_250.0_phi_0.2_thickness_10.5_ER_11.7.csv,17.451324266288683
kres_radius_250.0_phi_0.31_thickness_0.7_ER_173.1.csv,0.07637315793395594
kres_radius_250.0_phi_0.13_thickness_2.7_ER_45.3.csv,1.1852016986065852
kres_radius_250.0_phi_0.02_thickness_2.8_ER_45.3.csv,1.1875037500629964
kres_radius_250.0_phi_-0.13_thickness_3.2_ER_38.6.csv,1.577419008243731
kres_radius_250.0_phi_0.16_thickness_1.9_ER_65.5.csv,0.5640980073361157
kres_radius_250.0_phi_0.38_thickness_0.9_ER_126.0.csv,0.1372277150319975
kres_radius_250.0_phi_0.27_thickness_1.5_ER_79.0.csv,0.3740370529910021
kres_radius_250.0_phi_-0.16_thickness_1.2_ER_105.9.csv,0.20650823194824314
kres_radius_250.0_phi_-0.45_thickness_3.5_ER_31.9.csv,1.7656456855005396
kres_radius_250.0_phi_0.23_thickness_1.5_ER_79.0.csv,0.3799326226709229
kres_radius_250.0_phi_0.2_thickness_4.9_ER_25.2.csv,3.785650375648287
kres_radius_250.0_phi_-0.09_thickness_4.9_ER_25.2.csv,3.7638057815232004
kres_radius_250.0_phi_0.42_thickness_1.3_ER_85.7.csv,0.28804842371935535
kres_radius_250.0_phi_-0.2_thickness_4.9_ER_25.2.csv,3.5816676630204745
kres_radius_250.0_phi_-0.42_thickness_22.8_ER_5.0.csv,75.18524404194481
kres_radius_250.0_phi_0.16_thickness_1.6_ER_79.0.csv,0.3883209333314348
kres_radius_250.0_phi_-0.02_thickness_0.7_ER_179.8.csv,0.07512806232804878
kres_radius_250.0_phi_0.45_thickness_0.6_ER_193.3.csv,0.054702568504162254
kres_radius_250.0_phi_0.34_thickness_1.8_ER_65.5.csv,0.5212932383185105
kres_radius_250.0_phi_0.31_thickness_0.7_ER_179.8.csv,0.07076842941249611
kres_radius_250.0_phi_0.2_thickness_0.7_ER_186.6.csv,0.06892736751558769
kres_radius_250.0_phi_-0.38_thickness_1.1_ER_105.9.csv,0.1747208153219822
kres_radius_250.0_phi_-0.52_thickness_0.9_ER_112.6.csv,0.12750670897992694
kres_radius_250.0_phi_-0.05_thickness_1.5_ER_85.7.csv,0.32828934774782603
kres_radius_250.0_phi_0.42_thickness_1.6_ER_72.2.csv,0.40527539199762075
kres_radius_250.0_phi_0.16_thickness_0.8_ER_159.7.csv,0.09499478966097605
kres_radius_250.0_phi_-0.42_thickness_0.9_ER_126.0.csv,0.1183297251095712
kres_radius_250.0_phi_0.27_thickness_2.3_ER_52.1.csv,0.8602638961405703
kres_radius_250.0_phi_-0.52_thickness_9.1_ER_11.7.csv,11.758219781449322
kres_radius_250.0_phi_-0.09_thickness_1.2_ER_105.9.csv,0.21281202993917314
kres_radius_250.0_phi_0.38_thickness_1.4_ER_85.7.csv,0.2968682883304383
kres_radius_250.0_phi_-0.16_thickness_1.1_ER_112.6.csv,0.18257770687663696
kres_radius_250.0_phi_0.31_thickness_0.6_ER_186.6.csv,0.0657587656595017
kres_radius_250.0_phi_-0.16_thickness_3.2_ER_38.6.csv,1.551593937570948
kres_radius_250.0_phi_0.45_thickness_0.9_ER_119.3.csv,0.1435511760909966
kres_radius_250.0_phi_0.45_thickness_1.3_ER_85.7.csv,0.27829548877829946
kres_radius_250.0_phi_-0.05_thickness_1.6_ER_79.0.csv,0.3865793153155104
kres_radius_250.0_phi_0.49_thickness_3.4_ER_31.9.csv,1.9314814870173418
kres_radius_250.0_phi_-0.02_thickness_0.7_ER_186.6.csv,0.06980978221639392
kres_radius_250.0_phi_-0.16_thickness_1.6_ER_79.0.csv,0.3711446073280442
kres_radius_250.0_phi_0.2_thickness_1.1_ER_112.6.csv,0.18924301177348243
kres_radius_250.0_phi_0.2_thickness_3.2_ER_38.6.csv,1.6082374722440786
kres_radius_250.0_phi_-0.38_thickness_0.9_ER_126.0.csv,0.12326694592817593
kres_radius_250.0_phi_0.52_thickness_0.7_ER_152.9.csv,0.08038501691808676
kres_radius_250.0_phi_-0.49_thickness_21.9_ER_5.0.csv,68.33853475596277
kres_radius_250.0_phi_-0.31_thickness_1.1_ER_105.9.csv,0.1873341861749354
kres_radius_250.0_phi_0.16_thickness_1.3_ER_92.4.csv,0.2835255355429072
kres_radius_250.0_phi_-0.31_thickness_0.6_ER_186.6.csv,0.0603252678267516
kres_radius_250.0_phi_0.2_thickness_6.6_ER_18.4.csv,7.04820712789928
kres_radius_250.0_phi_0.23_thickness_2.1_ER_58.8.csv,0.6853758280539684
kres_radius_250.0_phi_-0.34_thickness_0.6_ER_193.3.csv,0.054379926881746136
kres_radius_250.0_phi_0.2_thickness_1.4_ER_85.7.csv,0.32668819114817227
kres_radius_250.0_phi_-0.45_thickness_0.8_ER_132.8.csv,0.10192144305322309
kres_radius_250.0_phi_-0.38_thickness_0.6_ER_193.3.csv,0.05241675903708856
kres_radius_250.0_phi_-0.49_thickness_1.7_ER_65.5.csv,0.3980104413418607
kres_radius_250.0_phi_-0.34_thickness_0.7_ER_159.7.csv,0.07969441208454153
kres_radius_250.0_phi_-0.05_thickness_1.1_ER_112.6.csv,0.19017052524182812
kres_radius_250.0_phi_0.49_thickness_1.7_ER_65.5.csv,0.45779053942637504
kres_radius_250.0_phi_-0.02_thickness_2.4_ER_52.1.csv,0.8961009108756803
kres_radius_250.0_phi_0.09_thickness_6.7_ER_18.4.csv,7.185463027171054
kres_radius_250.0_phi_-0.13_thickness_0.7_ER_166.4.csv,0.08499404135159325
kres_radius_250.0_phi_-0.38_thickness_3.6_ER_31.9.csv,1.924588706884617
kres_radius_250.0_phi_-0.05_thickness_0.9_ER_139.5.csv,0.12390034775317044
kres_radius_250.0_phi_0.05_thickness_0.9_ER_146.2.csv,0.1144740642718158
kres_radius_250.0_phi_-0.27_thickness_1.3_ER_92.4.csv,0.2531413588114221
kres_radius_250.0_phi_0.38_thickness_0.6_ER_193.3.csv,0.05835329185679379
kres_radius_250.0_phi_-0.09_thickness_24.9_ER_5.0.csv,95.39748399399346
kres_radius_250.0_phi_-0.49_thickness_1.0_ER_112.6.csv,0.13478305507098742
kres_radius_250.0_phi_-0.05_thickness_1.0_ER_119.3.csv,0.16933915161265567
kres_radius_250.0_phi_-0.02_thickness_2.8_ER_45.3.csv,1.1815695972980027
kres_radius_250.0_phi_-0.27_thickness_3.8_ER_31.9.csv,2.124952514860083
kres_radius_250.0_phi_0.27_thickness_1.1_ER_105.9.csv,0.20811761499751863
kres_radius_250.0_phi_-0.52_thickness_0.7_ER_146.2.csv,0.07560799031770322
kres_radius_250.0_phi_-0.05_thickness_0.8_ER_152.9.csv,0.103067639291638
kres_radius_250.0_phi_-0.27_thickness_1.1_ER_105.9.csv,0.19291053438520916
kres_radius_250.0_phi_0.38_thickness_0.9_ER_132.8.csv,0.12367876375816027
kres_radius_250.0_phi_-0.52_thickness_1.5_ER_72.2.csv,0.30969297434750137
kres_radius_250.0_phi_0.13_thickness_0.7_ER_179.8.csv,0.07535900321728373
kres_radius_250.0_phi_0.31_thickness_2.3_ER_52.1.csv,0.8441007540015185
kres_radius_250.0_phi_-0.27_thickness_2.0_ER_58.8.csv,0.6254375161985737
kres_radius_250.0_phi_-0.52_thickness_21.4_ER_5.0.csv,64.64923694342649
kres_radius_250.0_phi_-0.13_thickness_0.6_ER_193.3.csv,0.06298423826505536
kres_radius_250.0_phi_0.09_thickness_10.6_ER_11.7.csv,17.791169160484728
kres_radius_250.0_phi_0.27_thickness_3.8_ER_31.9.csv,2.292461895795604
kres_radius_250.0_phi_-0.34_thickness_2.0_ER_58.8.csv,0.5876802374988549
kres_radius_250.0_phi_-0.52_thickness_0.6_ER_193.3.csv,0.04326614225496517
kres_radius_250.0_phi_-0.02_thickness_1.0_ER_126.0.csv,0.15294527009925035
kres_radius_250.0_phi_0.45_thickness_2.9_ER_38.6.csv,1.3700073817689526
kres_radius_250.0_phi_0.49_thickness_0.6_ER_193.3.csv,0.05260448600130707
kres_radius_250.0_phi_0.23_thickness_2.7_ER_45.3.csv,1.1521951547939608
kres_radius_250.0_phi_0.02_thickness_0.9_ER_139.5.csv,0.12550165228342364
kres_radius_250.0_phi_0.09_thickness_0.9_ER_146.2.csv,0.11440120788937538
kres_radius_250.0_phi_0.52_thickness_0.8_ER_126.0.csv,0.1183552680222288
kres_radius_250.0_phi_0.42_thickness_1.1_ER_99.1.csv,0.21520016058826247
kres_radius_250.0_phi_0.02_thickness_0.6_ER_193.3.csv,0.06536349433776821
kres_radius_250.0_phi_-0.42_thickness_1.1_ER_105.9.csv,0.16772270856793065
kres_radius_250.0_phi_0.38_thickness_1.5_ER_79.0.csv,0.3495792368195362
kres_radius_250.0_phi_-0.38_thickness_1.6_ER_72.2.csv,0.3751918050884081
kres_radius_250.0_phi_0.02_thickness_1.1_ER_112.6.csv,0.19262831433695674
kres_radius_250.0_phi_0.2_thickness_2.4_ER_52.1.csv,0.8847739507841638
kres_radius_250.0_phi_0.52_thickness_1.8_ER_58.8.csv,0.5438931500040953
kres_radius_250.0_phi_0.16_thickness_0.7_ER_173.1.csv,0.0808079953684615
kres_radius_250.0_phi_0.23_thickness_0.8_ER_159.7.csv,0.09294276068594745
kres_radius_250.0_phi_0.27_thickness_10.3_ER_11.7.csv,16.967886761160155
kres_radius_250.0_phi_-0.23_thickness_0.9_ER_132.8.csv,0.1258831539807423
kres_radius_250.0_phi_0.09_thickness_1.2_ER_105.9.csv,0.21821548822290265
kres_radius_250.0_phi_-0.23_thickness_6.6_ER_18.4.csv,6.519007947871611
kres_radius_250.0_phi_0.42_thickness_1.0_ER_112.6.csv,0.1668598765375362
kres_radius_250.0_phi_0.34_thickness_0.8_ER_152.9.csv,0.09567578744611557
kres_radius_250.0_phi_-0.09_thickness_0.7_ER_166.4.csv,0.08615456419119819
kres_radius_250.0_phi_-0.49_thickness_1.4_ER_79.0.csv,0.27398747034650683
kres_radius_250.0_phi_0.02_thickness_1.5_ER_85.7.csv,0.3325322028270524
kres_radius_250.0_phi_-0.09_thickness_1.5_ER_85.7.csv,0.32480308020739546
kres_radius_250.0_phi_-0.45_thickness_0.9_ER_126.0.csv,0.11308688992320914
kres_radius_250.0_phi_-0.09_thickness_3.2_ER_38.6.csv,1.5989573509037895
kres_radius_250.0_phi_0.13_thickness_0.8_ER_159.7.csv,0.09560526042818561
kres_radius_250.0_phi_0.52_thickness_2.1_ER_52.1.csv,0.6934393159908142
kres_radius_250.0_phi_-0.23_thickness_1.5_ER_79.0.csv,0.35580996736895787
kres_radius_250.0_phi_0.16_thickness_1.2_ER_99.1.csv,0.24636900494316855
kres_radius_250.0_phi_-0.45_thickness_1.3_ER_85.7.csv,0.2446438129228327
kres_radius_250.0_phi_-0.02_thickness_1.1_ER_112.6.csv,0.19166571877119282
kres_radius_250.0_phi_-0.45_thickness_1.1_ER_99.1.csv,0.18277269893763615
kres_radius_250.0_phi_0.31_thickness_1.8_ER_65.5.csv,0.5331396479775243
kres_radius_250.0_phi_-0.42_thickness_3.6_ER_31.9.csv,1.8475030018780305
kres_radius_250.0_phi_-0.49_thickness_2.8_ER_38.6.csv,1.14542226821119
kres_radius_250.0_phi_0.16_thickness_2.7_ER_45.3.csv,1.1776337992357138
kres_radius_250.0_phi_-0.38_thickness_23.2_ER_5.0.csv,78.32229309527469
kres_radius_250.0_phi_-0.31_thickness_23.8_ER_5.0.csv,83.97650279572647
kres_radius_250.0_phi_-0.23_thickness_1.3_ER_92.4.csv,0.2597882392904254
kres_radius_250.0_phi_-0.09_thickness_1.3_ER_92.4.csv,0.27925652998631556
kres_radius_250.0_phi_0.09_thickness_1.6_ER_79.0.csv,0.3921853425663193
kres_radius_250.0_phi_-0.27_thickness_2.3_ER_52.1.csv,0.7974047171295817
kres_radius_250.0_phi_0.09_thickness_1.5_ER_85.7.csv,0.33305007590039803
kres_radius_250.0_phi_0.09_thickness_0.7_ER_166.4.csv,0.08834209369173016
kres_radius_250.0_phi_0.31_thickness_10.2_ER_11.7.csv,16.649084162619914
kres_radius_250.0_phi_-0.09_thickness_0.7_ER_179.8.csv,0.07375038634860953
kres_radius_250.0_phi_0.27_thickness_0.8_ER_146.2.csv,0.1091073174166804
kres_radius_250.0_phi_0.16_thickness_6.7_ER_18.4.csv,7.114660866393141
kres_radius_250.0_phi_0.34_thickness_6.4_ER_18.4.csv,6.574787633259929
kres_radius_250.0_phi_0.27_thickness_0.7_ER_166.4.csv,0.08425408293764082
kres_radius_250.0_phi_0.38_thickness_0.8_ER_146.2.csv,0.10197292607496718
kres_radius_250.0_phi_0.45_thickness_0.8_ER_146.2.csv,0.09559325269729964
kres_radius_250.0_phi_-0.16_thickness_0.7_ER_166.4.csv,0.0836025422551584
kres_radius_250.0_phi_0.16_thickness_24.7_ER_5.0.csv,96.8558290836327
kres_radius_250.0_phi_0.38_thickness_2.2_ER_52.1.csv,0.8040123134096445
kres_radius_250.0_phi_0.2_thickness_0.8_ER_146.2.csv,0.11221592899958678
kres_radius_250.0_phi_0.34_thickness_0.8_ER_139.5.csv,0.11501440624432632
kres_radius_250.0_phi_-0.34_thickness_0.7_ER_179.8.csv,0.06281758377918659
kres_radius_250.0_phi_0.31_thickness_3.7_ER_31.9.csv,2.2493897784647046
kres_radius_250.0_phi_-0.23_thickness_0.7_ER_173.1.csv,0.07404259654130697
kres_radius_250.0_phi_0.45_thickness_0.6_ER_179.8.csv,0.0631902868758798
kres_radius_250.0_phi_0.23_thickness_1.1_ER_105.9.csv,0.21139796353792473
kres_radius_250.0_phi_0.2_thickness_1.0_ER_119.3.csv,0.16851323842953086
kres_radius_250.0_phi_-0.38_thickness_0.7_ER_159.7.csv,0.0768173668920483
kres_radius_250.0_phi_-0.49_thickness_1.9_ER_58.8.csv,0.4942570818084183
kres_radius_250.0_phi_0.45_thickness_4.4_ER_25.2.csv,3.2248775749502236
kres_radius_250.0_phi_-0.27_thickness_1.0_ER_126.0.csv,0.1360999395934328
kres_radius_250.0_phi_-0.02_thickness_3.9_ER_31.9.csv,2.387961650124341
kres_radius_250.0_phi_0.34_thickness_1.6_ER_72.2.csv,0.42876688793748585
kres_radius_250.0_phi_-0.27_thickness_1.4_ER_85.7.csv,0.29442854236520266
kres_radius_250.0_phi_-0.42_thickness_1.4_ER_79.0.csv,0.3014377597646669
kres_radius_250.0_phi_-0.09_thickness_0.7_ER_186.6.csv,0.06852963127000775
kres_radius_250.0_phi_-0.49_thickness_0.8_ER_139.5.csv,0.0878141729550051
kres_radius_250.0_phi_0.2_thickness_24.5_ER_5.0.csv,95.9511574403316
kres_radius_250.0_phi_-0.02_thickness_1.2_ER_105.9.csv,0.2167874127988242
kres_radius_250.0_phi_-0.31_thickness_0.7_ER_159.7.csv,0.08236293359954791
kres_radius_250.0_phi_-0.42_thickness_1.3_ER_85.7.csv,0.2559857747664076
kres_radius_250.0_phi_0.49_thickness_0.5_ER_200.0.csv,0.04912674932607651
kres_radius_250.0_phi_0.34_thickness_1.0_ER_112.6.csv,0.17653178899411817
kres_radius_250.0_phi_0.23_thickness_2.3_ER_52.1.csv,0.8738233702682279
kres_radius_250.0_phi_-0.05_thickness_0.9_ER_132.8.csv,0.13676914066089185
kres_radius_250.0_phi_0.45_thickness_6.1_ER_18.4.csv,6.004147994378457
kres_radius_250.0_phi_0.34_thickness_0.6_ER_200.0.csv,0.0559413968587938
kres_radius_250.0_phi_-0.2_thickness_2.1_ER_58.8.csv,0.6565718208902951
kres_radius_250.0_phi_0.02_thickness_0.9_ER_132.8.csv,0.13853676317778274
kres_radius_250.0_phi_0.38_thickness_1.3_ER_92.4.csv,0.2552389835995391
kres_radius_250.0_phi_-0.49_thickness_0.8_ER_132.8.csv,0.09693490930977346
kres_radius_250.0_phi_0.05_thickness_0.8_ER_152.9.csv,0.10462887774444575
kres_radius_250.0_phi_-0.34_thickness_2.6_ER_45.3.csv,0.9879576934263087
kres_radius_250.0_phi_0.05_thickness_0.9_ER_132.8.csv,0.1388408795987854
kres_radius_250.0_phi_0.23_thickness_0.6_ER_193.3.csv,0.06342001149249743
kres_radius_250.0_phi_-0.13_thickness_1.0_ER_119.3.csv,0.16528403922123489
kres_radius_250.0_phi_0.45_thickness_0.7_ER_152.9.csv,0.08737188474334773
kres_radius_250.0_phi_-0.31_thickness_0.6_ER_193.3.csv,0.056200807431244046
kres_radius_250.0_phi_0.34_thickness_0.9_ER_132.8.csv,0.1269602692076116
kres_radius_250.0_phi_0.34_thickness_2.3_ER_52.1.csv,0.8253447613393372
kres_radius_250.0_phi_0.52_thickness_1.1_ER_99.1.csv,0.19128752930246098
kres_radius_250.0_phi_0.16_thickness_0.8_ER_146.2.csv,0.11327395238982829
kres_radius_250.0_phi_0.31_thickness_1.2_ER_99.1.csv,0.23284798538511756
kres_radius_250.0_phi_-0.38_thickness_0.8_ER_146.2.csv,0.09159877916563669
kres_radius_250.0_phi_0.34_thickness_1.0_ER_119.3.csv,0.1571944092961528
kres_radius_250.0_phi_0.16_thickness_0.7_ER_186.6.csv,0.06957724643838777
kres_radius_250.0_phi_0.02_thickness_6.8_ER_18.4.csv,7.1742900592285235
kres_radius_250.0_phi_0.2_thickness_3.8_ER_31.9.csv,2.3577771631064683
kres_radius_250.0_phi_-0.13_thickness_0.6_ER_200.0.csv,0.0588202854917044
kres_radius_250.0_phi_-0.23_thickness_2.7_ER_45.3.csv,1.0790400612294824
kres_radius_250.0_phi_0.38_thickness_1.0_ER_119.3.csv,0.15313145075055384
kres_radius_250.0_phi_-0.42_thickness_0.6_ER_200.0.csv,0.04699077752621551
kres_radius_250.0_phi_-0.23_thickness_2.1_ER_58.8.csv,0.6418599942826609
kres_radius_250.0_phi_-0.49_thickness_0.7_ER_146.2.csv,0.07992266449604603
kres_radius_250.0_phi_-0.13_thickness_0.8_ER_152.9.csv,0.10059951034882847
kres_radius_250.0_phi_0.38_thickness_0.6_ER_186.6.csv,0.06263571860849627
kres_radius_250.0_phi_-0.49_thickness_9.3_ER_11.7.csv,12.429218799689592
kres_radius_250.0_phi_0.05_thickness_1.0_ER_119.3.csv,0.17190425154975075
kres_radius_250.0_phi_0.45_thickness_22.4_ER_5.0.csv,81.73780069873837
kres_radius_250.0_phi_0.27_thickness_4.8_ER_25.2.csv,3.680780089304024
kres_radius_250.0_phi_0.23_thickness_4.8_ER_25.2.csv,3.738796521952687
kres_radius_250.0_phi_-0.49_thickness_0.7_ER_166.4.csv,0.06171731614783181
kres_radius_250.0_phi_-0.16_thickness_0.9_ER_132.8.csv,0.13130844562583888
kres_radius_250.0_phi_-0.27_thickness_0.6_ER_193.3.csv,0.0578737283130873
kres_radius_250.0_phi_-0.05_thickness_6.8_ER_18.4.csv,7.082751637509192
kres_radius_250.0_phi_0.27_thickness_1.1_ER_112.6.csv,0.18400059188151416
kres_radius_250.0_phi_0.52_thickness_0.5_ER_200.0.csv,0.047000921057986186
kres_radius_250.0_phi_0.34_thickness_0.7_ER_159.7.csv,0.08778641456226521
kres_radius_250.0_phi_-0.45_thickness_0.6_ER_179.8.csv,0.055549275300391845
kres_radius_250.0_phi_0.2_thickness_0.8_ER_152.9.csv,0.10256495033144272
kres_radius_250.0_phi_0.13_thickness_1.3_ER_92.4.csv,0.2853475728548915
kres_radius_250.0_phi_-0.02_thickness_1.0_ER_119.3.csv,0.17067056090143656
kres_radius_250.0_phi_-0.45_thickness_2.1_ER_52.1.csv,0.6625720756354547
kres_radius_250.0_phi_-0.52_thickness_1.6_ER_65.5.csv,0.37652360297383425
kres_radius_250.0_phi_-0.38_thickness_0.7_ER_166.4.csv,0.07073376304666007
kres_radius_250.0_phi_0.31_thickness_3.1_ER_38.6.csv,1.5343065443230732
kres_radius_250.0_phi_0.13_thickness_1.6_ER_79.0.csv,0.3908164236519083
kres_radius_250.0_phi_-0.34_thickness_0.8_ER_146.2.csv,0.09502943342910668
kres_radius_250.0_phi_-0.49_thickness_1.0_ER_105.9.csv,0.15244911810672973
kres_radius_250.0_phi_0.49_thickness_21.9_ER_5.0.csv,78.6027989217224
kres_radius_250.0_phi_-0.23_thickness_0.6_ER_193.3.csv,0.05939335259249225
kres_radius_250.0_phi_-0.45_thickness_0.6_ER_193.3.csv,0.0480878974872346
kres_radius_250.0_phi_0.49_thickness_2.8_ER_38.6.csv,1.3174616129856616
kres_radius_250.0_phi_0.31_thickness_0.9_ER_139.5.csv,0.1176281132194128
kres_radius_250.0_phi_0.31_thickness_0.9_ER_132.8.csv,0.12984544639560552
kres_radius_250.0_phi_-0.16_thickness_4.9_ER_25.2.csv,3.6523164482810975
kres_radius_250.0_phi_0.38_thickness_1.8_ER_65.5.csv,0.5078195223837481
kres_radius_250.0_phi_0.31_thickness_0.7_ER_159.7.csv,0.08978136433900716
kres_radius_250.0_phi_-0.42_thickness_1.0_ER_112.6.csv,0.14828671589782483
kres_radius_250.0_phi_-0.05_thickness_0.8_ER_166.4.csv,0.087079302529295
kres_radius_250.0_phi_-0.13_thickness_2.7_ER_45.3.csv,1.1442781615700302
kres_radius_250.0_phi_-0.38_thickness_1.8_ER_65.5.csv,0.45615684552026325
kres_radius_250.0_phi_-0.49_thickness_0.6_ER_179.8.csv,0.05283151221333538
kres_radius_250.0_phi_-0.05_thickness_0.6_ER_200.0.csv,0.060263394394948516
kres_radius_250.0_phi_-0.42_thickness_9.7_ER_11.7.csv,13.674478857974822
kres_radius_250.0_phi_0.2_thickness_0.9_ER_132.8.csv,0.13610208029569723
kres_radius_250.0_phi_-0.13_thickness_3.9_ER_31.9.csv,2.3125953588791064
kres_radius_250.0_phi_-0.42_thickness_0.7_ER_166.4.csv,0.06790065799272527
kres_radius_250.0_phi_0.52_thickness_0.6_ER_193.3.csv,0.05032816800950009
kres_radius_250.0_phi_-0.27_thickness_1.2_ER_99.1.csv,0.21996672913750118
kres_radius_250.0_phi_0.42_thickness_1.1_ER_105.9.csv,0.1887302599881545
kres_radius_250.0_phi_0.34_thickness_1.3_ER_92.4.csv,0.2620111091459432
kres_radius_250.0_phi_0.45_thickness_0.6_ER_186.6.csv,0.05871707626019365
kres_radius_250.0_phi_0.52_thickness_0.6_ER_186.6.csv,0.054021647609194146
kres_radius_250.0_phi_0.42_thickness_2.9_ER_38.6.csv,1.4180196327824914
kres_radius_250.0_phi_0.45_thickness_1.9_ER_58.8.csv,0.5911670039614296
kres_radius_250.0_phi_-0.52_thickness_0.7_ER_152.9.csv,0.06910542772964069
kres_radius_250.0_phi_0.13_thickness_1.1_ER_112.6.csv,0.19225489211278113
kres_radius_250.0_phi_0.16_thickness_0.6_ER_200.0.csv,0.06053489317727044
kres_radius_250.0_phi_0.02_thickness_0.8_ER_166.4.csv,0.08820472698661158
kres_radius_250.0_phi_0.38_thickness_9.9_ER_11.7.csv,15.85837781838521
kres_radius_250.0_phi_0.31_thickness_1.5_ER_79.0.csv,0.36700942567816447
kres_radius_250.0_phi_0.42_thickness_0.9_ER_132.8.csv,0.12000430611316291
kres_radius_250.0_phi_0.09_thickness_2.7_ER_45.3.csv,1.1893531234813493
kres_radius_250.0_phi_0.42_thickness_1.0_ER_119.3.csv,0.14858196292578746
kres_radius_250.0_phi_-0.09_thickness_1.6_ER_79.0.csv,0.38247403767542826
kres_radius_250.0_phi_-0.16_thickness_2.4_ER_52.1.csv,0.8536114360286818
kres_radius_250.0_phi_0.05_thickness_0.6_ER_200.0.csv,0.06117624666626029
kres_radius_250.0_phi_0.31_thickness_0.6_ER_200.0.csv,0.05721266733647037
kres_radius_250.0_phi_0.52_thickness_2.8_ER_38.6.csv,1.2604519964848975
kres_radius_250.0_phi_-0.27_thickness_0.7_ER_179.8.csv,0.06685348777365824
kres_radius_250.0_phi_0.23_thickness_3.1_ER_38.6.csv,1.588332801776616
kres_radius_250.0_phi_0.42_thickness_1.7_ER_65.5.csv,0.4927323621502375
kres_radius_250.0_phi_-0.45_thickness_0.6_ER_200.0.csv,0.0449087571241498
kres_radius_250.0_phi_-0.42_thickness_1.1_ER_99.1.csv,0.19124624647039873
kres_radius_250.0_phi_-0.09_thickness_2.4_ER_52.1.csv,0.8796684798797042
kres_radius_250.0_phi_0.42_thickness_0.6_ER_179.8.csv,0.0654048062686037
kres_radius_250.0_phi_0.38_thickness_0.6_ER_179.8.csv,0.0674074609915652
kres_radius_250.0_phi_-0.34_thickness_10.0_ER_11.7.csv,14.778556595286407
kres_radius_250.0_phi_0.16_thickness_0.9_ER_132.8.csv,0.1373853133063503
kres_radius_250.0_phi_-0.02_thickness_0.9_ER_139.5.csv,0.1248744997570679
kres_radius_250.0_phi_0.16_thickness_0.7_ER_179.8.csv,0.0748778114051997
kres_radius_250.0_phi_0.45_thickness_1.4_ER_79.0.csv,0.32770871258957185
kres_radius_250.0_phi_0.31_thickness_1.6_ER_72.2.csv,0.4385106325889835
kres_radius_250.0_phi_0.13_thickness_1.0_ER_126.0.csv,0.15341541821150667
kres_radius_250.0_phi_-0.13_thickness_0.7_ER_179.8.csv,0.07275695078787352
kres_radius_250.0_phi_0.05_thickness_0.6_ER_193.3.csv,0.0655069805251618
kres_radius_250.0_phi_-0.45_thickness_1.2_ER_92.4.csv,0.21033785220210505
kres_radius_250.0_phi_0.34_thickness_23.5_ER_5.0.csv,89.50623497407007
kres_radius_250.0_phi_0.42_thickness_0.7_ER_159.7.csv,0.08297672832183559
kres_radius_250.0_phi_-0.02_thickness_1.6_ER_79.0.csv,0.38961875000241
kres_radius_250.0_phi_0.16_thickness_10.5_ER_11.7.csv,17.615863377883883
kres_radius_250.0_phi_0.02_thickness_1.0_ER_119.3.csv,0.1715277132716332
kres_radius_250.0_phi_0.52_thickness_0.9_ER_112.6.csv,0.14831872539188007
kres_radius_250.0_phi_-0.2_thickness_1.6_ER_79.0.csv,0.3639653510847639
kres_radius_250.0_phi_0.02_thickness_1.7_ER_72.2.csv,0.46786271944285684
kres_radius_250.0_phi_-0.42_thickness_1.0_ER_119.3.csv,0.13204331551186893
kres_radius_250.0_phi_0.27_thickness_1.0_ER_126.0.csv,0.14682865774935783
kres_radius_250.0_phi_0.02_thickness_10.7_ER_11.7.csv,17.76350494985021
kres_radius_250.0_phi_0.31_thickness_1.1_ER_105.9.csv,0.20420737930363847
kres_radius_250.0_phi_-0.27_thickness_1.0_ER_119.3.csv,0.15187297399906102
kres_radius_250.0_phi_-0.05_thickness_1.3_ER_99.1.csv,0.24526404082523323
kres_radius_250.0_phi_-0.34_thickness_3.0_ER_38.6.csv,1.3619269311344935
kres_radius_250.0_phi_-0.31_thickness_3.1_ER_38.6.csv,1.4075302704720576
kres_radius_250.0_phi_0.23_thickness_0.9_ER_139.5.csv,0.12177005392355698
kres_radius_250.0_phi_0.09_thickness_1.3_ER_99.1.csv,0.24882076732879066
kres_radius_250.0_phi_0.45_thickness_1.0_ER_112.6.csv,0.1612102239578409
kres_radius_250.0_phi_-0.52_thickness_0.5_ER_200.0.csv,0.040405773089641564
kres_radius_250.0_phi_-0.45_thickness_0.9_ER_119.3.csv,0.1261928722690701
kres_radius_250.0_phi_-0.05_thickness_2.1_ER_58.8.csv,0.6973660658047554
kres_radius_250.0_phi_-0.49_thickness_4.3_ER_25.2.csv,2.6962238567163013
kres_radius_250.0_phi_0.09_thickness_2.4_ER_52.1.csv,0.9020039274382858
kres_radius_250.0_phi_-0.42_thickness_0.7_ER_173.1.csv,0.06272796288875929
kres_radius_250.0_phi_-0.02_thickness_2.1_ER_58.8.csv,0.7028490249955328
kres_radius_250.0_phi_-0.2_thickness_0.9_ER_139.5.csv,0.11665247410535132
kres_radius_250.0_phi_0.02_thickness_1.9_ER_65.5.csv,0.5688258094744277
kres_radius_250.0_phi_-0.38_thickness_0.6_ER_200.0.csv,0.048951433184546686
kres_radius_250.0_phi_0.23_thickness_0.6_ER_200.0.csv,0.05922724930287119
kres_radius_250.0_phi_0.23_thickness_24.3_ER_5.0.csv,94.76359888459393
kres_radius_250.0_phi_0.49_thickness_1.3_ER_85.7.csv,0.2676216408842129
kres_radius_250.0_phi_-0.49_thickness_3.4_ER_31.9.csv,1.679261000139216
kres_radius_250.0_phi_0.13_thickness_0.7_ER_173.1.csv,0.08132729668072619
kres_radius_250.0_phi_-0.45_thickness_2.9_ER_38.6.csv,1.2043451767031246
kres_radius_250.0_phi_0.45_thickness_1.2_ER_92.4.csv,0.23927061423632406
kres_radius_250.0_phi_0.02_thickness_3.9_ER_31.9.csv,2.399954620543678
kres_radius_250.0_phi_-0.52_thickness_2.8_ER_38.6.csv,1.083585942869533
kres_radius_250.0_phi_0.34_thickness_1.5_ER_79.0.csv,0.35885444410476963
kres_radius_250.0_phi_-0.16_thickness_0.8_ER_159.7.csv,0.09079295211942945
kres_radius_250.0_phi_-0.27_thickness_0.8_ER_146.2.csv,0.10113488427416108
kres_radius_250.0_phi_-0.52_thickness_2.1_ER_52.1.csv,0.5961362250495779
kres_radius_250.0_phi_-0.34_thickness_0.9_ER_126.0.csv,0.1278836698348202
kres_radius_250.0_phi_0.13_thickness_0.6_ER_193.3.csv,0.06523678305173786
kres_radius_250.0_phi_0.34_thickness_1.1_ER_105.9.csv,0.19966987345540244
kres_radius_250.0_phi_-0.2_thickness_1.0_ER_126.0.csv,0.14287500005603782
kres_radius_250.0_phi_0.16_thickness_1.4_ER_85.7.csv,0.3297683576684862
kres_radius_250.0_phi_-0.2_thickness_1.1_ER_112.6.csv,0.17904600490361233
kres_radius_250.0_phi_-0.05_thickness_0.8_ER_159.7.csv,0.09456873836450552
kres_radius_250.0_phi_-0.13_thickness_10.6_ER_11.7.csv,17.1169066084856
kres_radius_250.0_phi_0.49_thickness_0.9_ER_119.3.csv,0.13804536129917588
kres_radius_250.0_phi_0.09_thickness_0.7_ER_179.8.csv,0.07562296439862645
kres_radius_250.0_phi_-0.05_thickness_1.7_ER_72.2.csv,0.46189315108619083
kres_radius_250.0_phi_-0.2_thickness_24.5_ER_5.0.csv,90.78100821039766
kres_radius_250.0_phi_0.52_thickness_0.8_ER_132.8.csv,0.10666965656202766
kres_radius_250.0_phi_0.38_thickness_0.7_ER_159.7.csv,0.08551742443195284
kres_radius_250.0_phi_0.09_thickness_1.0_ER_126.0.csv,0.15395278884140384
kres_radius_250.0_phi_-0.13_thickness_1.6_ER_79.0.csv,0.37732201978240987
kres_radius_250.0_phi_0.05_thickness_25.0_ER_5.0.csv,97.88199466601642
kres_radius_250.0_phi_0.02_thickness_0.7_ER_179.8.csv,0.07550537518360304
kres_radius_250.0_phi_0.16_thickness_1.2_ER_105.9.csv,0.21606529581039347
kres_radius_250.0_phi_-0.05_thickness_1.0_ER_126.0.csv,0.15175213666012816
kres_radius_250.0_phi_-0.52_thickness_1.2_ER_85.7.csv,0.2201134706404288
kres_radius_250.0_phi_-0.38_thickness_1.5_ER_79.0.csv,0.3140150287614939
kres_radius_250.0_phi_-0.34_thickness_3.7_ER_31.9.csv,1.9966704367159773
kres_radius_250.0_phi_0.16_thickness_0.9_ER_139.5.csv,0.12445854388337493
kres_radius_250.0_phi_-0.05_thickness_2.4_ER_52.1.csv,0.8891103843893111
kres_radius_250.0_phi_0.52_thickness_21.4_ER_5.0.csv,75.20147369277788
kres_radius_250.0_phi_-0.45_thickness_1.5_ER_72.2.csv,0.3442064216212939
kres_radius_250.0_phi_0.42_thickness_1.4_ER_79.0.csv,0.3391933463058212
kres_radius_250.0_phi_-0.16_thickness_1.0_ER_119.3.csv,0.16257805433601166
kres_radius_250.0_phi_0.45_thickness_1.1_ER_99.1.csv,0.20791377054862445
kres_radius_250.0_phi_0.49_thickness_0.7_ER_146.2.csv,0.0919268338003523
kres_radius_250.0_phi_0.23_thickness_1.9_ER_65.5.csv,0.5519126500134589
kres_radius_250.0_phi_0.05_thickness_0.7_ER_179.8.csv,0.07567112486578545
kres_radius_250.0_phi_-0.31_thickness_0.9_ER_132.8.csv,0.11911661131928818
kres_radius_250.0_phi_0.52_thickness_9.1_ER_11.7.csv,13.67743066081881
kres_radius_250.0_phi_0.52_thickness_1.0_ER_105.9.csv,0.16775891355777303
kres_radius_250.0_phi_0.2_thickness_1.3_ER_92.4.csv,0.280877295219282
kres_radius_250.0_phi_0.05_thickness_0.8_ER_159.7.csv,0.09600123795198914
kres_radius_250.0_phi_-0.31_thickness_1.4_ER_85.7.csv,0.28591767446208827
kres_radius_250.0_phi_0.27_thickness_0.7_ER_173.1.csv,0.07783557838725236
kres_radius_250.0_phi_-0.38_thickness_6.3_ER_18.4.csv,5.753257794840249
kres_radius_250.0_phi_0.13_thickness_0.9_ER_132.8.csv,0.13826820086172864
kres_radius_250.0_phi_-0.09_thickness_1.3_ER_99.1.csv,0.2426594602312243
kres_radius_250.0_phi_-0.09_thickness_1.7_ER_72.2.csv,0.45698807843967926
kres_radius_250.0_phi_0.2_thickness_0.9_ER_139.5.csv,0.12329605199741303
kres_radius_250.0_phi_0.2_thickness_2.7_ER_45.3.csv,1.1666342350954744
kres_radius_250.0_phi_0.42_thickness_0.6_ER_200.0.csv,0.0528764514673709
kres_radius_250.0_phi_-0.52_thickness_4.2_ER_25.2.csv,2.5506665542044322
kres_radius_250.0_phi_-0.09_thickness_0.8_ER_159.7.csv,0.09356446598965863
kres_radius_250.0_phi_-0.31_thickness_0.9_ER_139.5.csv,0.10790876870559413
kres_radius_250.0_phi_-0.49_thickness_0.9_ER_126.0.csv,0.10755408371824418
kres_radius_250.0_phi_0.09_thickness_2.1_ER_58.8.csv,0.7074790051520146
kres_radius_250.0_phi_0.31_thickness_2.6_ER_45.3.csv,1.1130038769962627
kres_radius_250.0_phi_-0.27_thickness_0.7_ER_166.4.csv,0.07809766685933728
kres_radius_250.0_phi_0.31_thickness_1.0_ER_119.3.csv,0.16076665852508126
kres_radius_250.0_phi_0.34_thickness_1.2_ER_99.1.csv,0.22767408276202014
kres_radius_250.0_phi_-0.42_thickness_1.2_ER_92.4.csv,0.2200893511892807
kres_radius_250.0_phi_-0.02_thickness_0.8_ER_166.4.csv,0.08776395336841852
kres_radius_250.0_phi_-0.2_thickness_0.6_ER_193.3.csv,0.06075468483436751
kres_radius_250.0_phi_0.49_thickness_1.2_ER_92.4.csv,0.23009354078430796
kres_radius_250.0_phi_0.05_thickness_1.7_ER_72.2.csv,0.46888977343555727
kres_radius_250.0_phi_-0.45_thickness_2.5_ER_45.3.csv,0.8736460493321571
kres_radius_250.0_phi_0.38_thickness_6.3_ER_18.4.csv,6.404850994166582
kres_radius_250.0_phi_-0.34_thickness_1.8_ER_65.5.csv,0.4732413136883957
kres_radius_250.0_phi_-0.52_thickness_1.1_ER_99.1.csv,0.16444614977518834
kres_radius_250.0_phi_-0.52_thickness_0.6_ER_173.1.csv,0.05393764411420224
kres_radius_250.0_phi_-0.52_thickness_0.8_ER_126.0.csv,0.10174771038571616
kres_radius_250.0_phi_-0.02_thickness_0.6_ER_193.3.csv,0.06503686213923113
kres_radius_250.0_phi_-0.13_thickness_0.9_ER_139.5.csv,0.12093334437155155
kres_radius_250.0_phi_0.52_thickness_3.4_ER_31.9.csv,1.8479018079072669
kres_radius_250.0_phi_0.02_thickness_0.9_ER_146.2.csv,0.11422332081049108
kres_radius_250.0_phi_-0.02_thickness_1.5_ER_85.7.csv,0.33087048437711
kres_radius_250.0_phi_-0.52_thickness_0.6_ER_166.4.csv,0.05838546889250362
kres_radius_250.0_phi_0.52_thickness_5.8_ER_18.4.csv,5.524014269859917
kres_radius_250.0_phi_0.16_thickness_3.9_ER_31.9.csv,2.380007370616073
kres_radius_250.0_phi_0.49_thickness_0.8_ER_132.8.csv,0.11149427204110057
kres_radius_250.0_phi_0.45_thickness_0.6_ER_173.1.csv,0.06819484054582364
kres_radius_250.0_phi_0.13_thickness_1.9_ER_65.5.csv,0.5677231045077487
kres_radius_250.0_phi_-0.27_thickness_2.7_ER_45.3.csv,1.0514319972977255
kres_radius_250.0_phi_-0.38_thickness_2.6_ER_45.3.csv,0.9522914671764232
kres_radius_250.0_phi_0.13_thickness_3.2_ER_38.6.csv,1.6338332328387857
kres_radius_250.0_phi_0.02_thickness_0.8_ER_159.7.csv,0.09579095728406087
kres_radius_250.0_phi_-0.13_thickness_0.7_ER_186.6.csv,0.06760652054424221
kres_radius_250.0_phi_0.16_thickness_1.1_ER_112.6.csv,0.19102728192729307
kres_radius_250.0_phi_0.42_thickness_1.2_ER_92.4.csv,0.24765591269803366
kres_radius_250.0_phi_-0.27_thickness_0.8_ER_159.7.csv,0.08481461850954
kres_radius_250.0_phi_-0.13_thickness_0.8_ER_146.2.csv,0.11006554845702068
kres_radius_250.0_phi_-0.42_thickness_2.2_ER_52.1.csv,0.6932896609718391
kres_radius_250.0_phi_0.49_thickness_1.1_ER_99.1.csv,0.19993936905306176
kres_radius_250.0_phi_-0.2_thickness_1.4_ER_85.7.csv,0.30908520703676556
kres_radius_250.0_phi_0.31_thickness_23.8_ER_5.0.csv,91.54026773835258
kres_radius_250.0_phi_0.45_thickness_2.1_ER_52.1.csv,0.7537113546296106
kres_radius_250.0_phi_-0.2_thickness_0.8_ER_159.7.csv,0.08903669362751193
kres_radius_250.0_phi_0.05_thickness_0.7_ER_186.6.csv,0.07031440161312133
kres_radius_250.0_phi_0.42_thickness_0.7_ER_152.9.csv,0.09043385427551706
kres_radius_250.0_phi_-0.49_thickness_0.9_ER_119.3.csv,0.12001885238766055
kres_radius_250.0_phi_0.27_thickness_1.2_ER_99.1.csv,0.23730664161392684
kres_radius_250.0_phi_-0.49_thickness_2.4_ER_45.3.csv,0.8309026837132919
kres_radius_250.0_phi_-0.2_thickness_10.5_ER_11.7.csv,16.510992193975873
kres_radius_250.0_phi_0.05_thickness_0.7_ER_173.1.csv,0.08166413778563025
kres_radius_250.0_phi_-0.2_thickness_0.7_ER_179.8.csv,0.07018145708176818
kres_radius_250.0_phi_-0.23_thickness_1.9_ER_65.5.csv,0.5168706509361639
kres_radius_250.0_phi_-0.16_thickness_0.9_ER_139.5.csv,0.11895345687890081
kres_radius_250.0_phi_0.49_thickness_0.8_ER_139.5.csv,0.10100362561047388
kres_radius_250.0_phi_0.2_thickness_1.0_ER_126.0.csv,0.15101200014095129
kres_radius_250.0_phi_0.05_thickness_1.3_ER_99.1.csv,0.24897922877616585
kres_radius_250.0_phi_0.09_thickness_0.7_ER_186.6.csv,0.07026965040272636
kres_radius_250.0_phi_0.52_thickness_1.5_ER_72.2.csv,0.3602419636230496
kres_radius_250.0_phi_0.2_thickness_1.6_ER_79.0.csv,0.38469386266146177
kres_radius_250.0_phi_0.34_thickness_0.6_ER_193.3.csv,0.059901549936054066
kres_radius_250.0_phi_0.27_thickness_1.8_ER_65.5.csv,0.5433483960083418
kres_radius_250.0_phi_0.49_thickness_9.3_ER_11.7.csv,14.29605404264025
kres_radius_250.0_phi_0.49_thickness_0.7_ER_152.9.csv,0.0840207912273724
kres_radius_250.0_phi_-0.42_thickness_0.8_ER_146.2.csv,0.08792996595662878
kres_radius_250.0_phi_-0.13_thickness_0.7_ER_173.1.csv,0.07851916651882254
kres_radius_250.0_phi_0.52_thickness_1.6_ER_65.5.csv,0.4379808821026745
kres_radius_250.0_phi_-0.42_thickness_2.5_ER_45.3.csv,0.9141492610746955
kres_radius_250.0_phi_-0.09_thickness_0.6_ER_200.0.csv,0.05962342749624593
kres_radius_250.0_phi_0.38_thickness_0.8_ER_139.5.csv,0.11204166206843774
kres_radius_250.0_phi_0.13_thickness_0.7_ER_186.6.csv,0.07002437490896135
kres_radius_250.0_phi_0.16_thickness_0.7_ER_166.4.csv,0.08747161240230353
kres_radius_250.0_phi_0.09_thickness_1.9_ER_65.5.csv,0.5697116772720321
kres_radius_250.0_phi_-0.02_thickness_0.8_ER_152.9.csv,0.10387799655998842
kres_radius_250.0_phi_-0.13_thickness_2.1_ER_58.8.csv,0.6806664558925142
kres_radius_250.0_phi_-0.49_thickness_0.7_ER_159.7.csv,0.06702544179634728
kres_radius_250.0_phi_0.42_thickness_2.2_ER_52.1.csv,0.7801253573800964
kres_radius_250.0_phi_0.52_thickness_0.6_ER_173.1.csv,0.06274150348370086
kres_radius_250.0_phi_-0.2_thickness_2.7_ER_45.3.csv,1.1037723243786153
kres_radius_250.0_phi_0.27_thickness_0.7_ER_179.8.csv,0.07212352852611398
kres_radius_250.0_phi_-0.27_thickness_0.7_ER_173.1.csv,0.07214816016917029
kres_radius_250.0_phi_0.34_thickness_0.6_ER_186.6.csv,0.06429760012880315
kres_radius_250.0_phi_-0.49_thickness_0.6_ER_186.6.csv,0.04909159437217028
kres_radius_250.0_phi_-0.13_thickness_1.1_ER_112.6.csv,0.1856165703764166
kres_radius_250.0_phi_0.42_thickness_1.9_ER_58.8.csv,0.611884599328302
kres_radius_250.0_phi_-0.23_thickness_0.9_ER_139.5.csv,0.1140386382418773
kres_radius_250.0_phi_0.09_thickness_0.8_ER_159.7.csv,0.0959401384972657
kres_radius_250.0_phi_-0.23_thickness_1.7_ER_72.2.csv,0.4251292826720178
kres_radius_250.0_phi_0.27_thickness_0.8_ER_159.7.csv,0.09150052990824764
kres_radius_250.0_phi_-0.38_thickness_0.6_ER_186.6.csv,0.05626351598935872
kres_radius_250.0_phi_0.13_thickness_0.6_ER_200.0.csv,0.060923912225712626
kres_radius_250.0_phi_-0.38_thickness_0.8_ER_152.9.csv,0.08372095048626219
kres_radius_250.0_phi_-0.16_thickness_1.4_ER_85.7.csv,0.31518194645361053
kres_radius_250.0_phi_0.52_thickness_1.2_ER_85.7.csv,0.2560410324143096
kres_radius_250.0_phi_0.2_thickness_0.6_ER_200.0.csv,0.059969473400207245
kres_radius_250.0_phi_-0.16_thickness_1.3_ER_92.4.csv,0.2709845504690628
kres_radius_250.0_phi_-0.31_thickness_1.5_ER_79.0.csv,0.3366842682786652
kres_radius_250.0_phi_-0.31_thickness_0.8_ER_146.2.csv,0.09821143930670104
kres_radius_250.0_phi_0.05_thickness_0.8_ER_166.4.csv,0.08839835433339938
kres_radius_250.0_phi_0.16_thickness_1.7_ER_72.2.csv,0.4639740731673613
kres_radius_250.0_phi_0.31_thickness_0.8_ER_152.9.csv,0.0978500235367109
kres_radius_250.0_phi_-0.13_thickness_1.3_ER_99.1.csv,0.23939077854861984
kres_radius_250.0_phi_-0.34_thickness_1.1_ER_105.9.csv,0.18126464391294422
kres_radius_250.0_phi_-0.45_thickness_6.1_ER_18.4.csv,5.278122419971696
kres_radius_250.0_phi_0.27_thickness_0.8_ER_152.9.csv,0.09972369066855016
kres_radius_250.0_phi_0.31_thickness_0.8_ER_146.2.csv,0.10705734520730587
kres_radius_250.0_phi_0.42_thickness_0.6_ER_193.3.csv,0.05661963368574978
kres_radius_250.0_phi_0.02_thickness_0.8_ER_152.9.csv,0.10439969913418978
kres_radius_250.0_phi_0.02_thickness_2.4_ER_52.1.csv,0.9006013649413115
kres_radius_250.0_phi_-0.49_thickness_5.9_ER_18.4.csv,5.019888874990363
kres_radius_250.0_phi_0.52_thickness_0.6_ER_166.4.csv,0.06791531517691879
kres_radius_250.0_phi_0.42_thickness_2.5_ER_45.3.csv,1.0286479939639768
kres_radius_250.0_phi_0.02_thickness_2.1_ER_58.8.csv,0.7063789173476955
kres_radius_250.0_phi_0.13_thickness_2.1_ER_58.8.csv,0.7050095569432573
kres_radius_250.0_phi_0.42_thickness_0.6_ER_186.6.csv,0.06077483086918377
kres_radius_250.0_phi_-0.42_thickness_4.5_ER_25.2.csv,2.9663534546479444
kres_radius_250.0_phi_0.34_thickness_2.0_ER_58.8.csv,0.6473520490294452
kres_radius_250.0_phi_0.13_thickness_4.9_ER_25.2.csv,3.845900557840069
kres_radius_250.0_phi_-0.31_thickness_10.2_ER_11.7.csv,15.273408056056649
kres_radius_250.0_phi_0.23_thickness_6.6_ER_18.4.csv,6.96097359262324
kres_radius_250.0_phi_-0.34_thickness_1.3_ER_92.4.csv,0.2378593704632307
kres_radius_250.0_phi_-0.27_thickness_10.3_ER_11.7.csv,15.728049269266076
kres_radius_250.0_phi_0.45_thickness_3.5_ER_31.9.csv,2.00851688495658
kres_radius_250.0_phi_0.45_thickness_2.5_ER_45.3.csv,0.9938193466385081
kres_radius_250.0_phi_-0.34_thickness_1.0_ER_112.6.csv,0.16025938874790246
kres_radius_250.0_phi_0.34_thickness_3.0_ER_38.6.csv,1.5002141185665046
kres_radius_250.0_phi_-0.16_thickness_0.8_ER_152.9.csv,0.09895252280092362
kres_radius_250.0_phi_0.23_thickness_1.4_ER_85.7.csv,0.3226448698709095
kres_radius_250.0_phi_-0.02_thickness_0.8_ER_159.7.csv,0.09531227401758831
kres_radius_250.0_phi_-0.05_thickness_0.9_ER_146.2.csv,0.11276591911301109
kres_radius_250.0_phi_-0.2_thickness_0.8_ER_146.2.csv,0.1061693828777818
kres_radius_250.0_phi_-0.42_thickness_6.2_ER_18.4.csv,5.522822101430306
kres_radius_250.0_phi_-0.2_thickness_1.7_ER_72.2.csv,0.43487350781178286
kres_radius_250.0_phi_0.49_thickness_0.9_ER_126.0.csv,0.12370841789196543
kres_radius_250.0_phi_-0.42_thickness_1.9_ER_58.8.csv,0.5437757693799983
kres_radius_250.0_phi_0.09_thickness_0.6_ER_193.3.csv,0.06546528897121881
kres_radius_250.0_phi_-0.38_thickness_0.9_ER_132.8.csv,0.11109638808083322
kres_radius_250.0_phi_-0.49_thickness_1.5_ER_72.2.csv,0.32736603077998355
kres_radius_250.0_phi_0.27_thickness_2.0_ER_58.8.csv,0.6747405714055139
kres_radius_250.0_phi_-0.23_thickness_0.8_ER_152.9.csv,0.09486408589456632
kres_radius_250.0_phi_0.49_thickness_5.9_ER_18.4.csv,5.773862686100841
kres_radius_250.0_phi_0.05_thickness_0.9_ER_139.5.csv,0.12577715398020697
kres_radius_250.0_phi_0.52_thickness_0.7_ER_159.7.csv,0.07375651257367694
kres_radius_250.0_phi_-0.27_thickness_0.8_ER_152.9.csv,0.09243691581784023
kres_radius_250.0_phi_0.34_thickness_1.4_ER_85.7.csv,0.30474494295022825
kres_radius_250.0_phi_0.05_thickness_3.2_ER_38.6.csv,1.6406002374465851
kres_radius_250.0_phi_-0.27_thickness_6.5_ER_18.4.csv,6.352214151549159
kres_radius_250.0_phi_0.2_thickness_1.9_ER_65.5.csv,0.5588291094689672
kres_radius_250.0_phi_0.38_thickness_1.2_ER_99.1.csv,0.22178945643013448
kres_radius_250.0_phi_0.23_thickness_0.8_ER_152.9.csv,0.10129553485450427
kres_radius_250.0_phi_0.16_thickness_1.0_ER_126.0.csv,0.1524358107334463
kres_radius_250.0_phi_-0.23_thickness_0.8_ER_146.2.csv,0.10379044198778212
kres_radius_250.0_phi_-0.42_thickness_0.6_ER_179.8.csv,0.05812460207186436
kres_radius_250.0_phi_-0.05_thickness_1.9_ER_65.5.csv,0.5615680297634538
kres_radius_250.0_phi_-0.52_thickness_0.9_ER_119.3.csv,0.11353956085531942
kres_radius_250.0_phi_-0.2_thickness_0.7_ER_173.1.csv,0.07573969848191342
kres_radius_250.0_phi_0.16_thickness_4.9_ER_25.2.csv,3.8213432285295124
kres_radius_250.0_phi_0.49_thickness_0.7_ER_166.4.csv,0.07098709108235768
kres_radius_250.0_phi_0.38_thickness_23.2_ER_5.0.csv,87.19279314175172
kres_radius_250.0_phi_-0.38_thickness_2.2_ER_52.1.csv,0.7222166625710059
kres_radius_250.0_phi_0.13_thickness_10.6_ER_11.7.csv,17.72906926706723
kres_radius_250.0_phi_0.27_thickness_1.4_ER_85.7.csv,0.3176382576489301
kres_radius_250.0_phi_0.05_thickness_5.0_ER_25.2.csv,3.8618294949390055
kres_radius_250.0_phi_-0.2_thickness_0.8_ER_152.9.csv,0.09703842920214756
kres_radius_250.0_phi_-0.38_thickness_1.4_ER_85.7.csv,0.26666659309225993
kres_radius_250.0_phi_0.09_thickness_1.7_ER_72.2.csv,0.46859135114337125
kres_radius_250.0_phi_-0.2_thickness_0.6_ER_200.0.csv,0.05673813013149853
kres_radius_250.0_phi_-0.23_thickness_1.0_ER_126.0.csv,0.1396735951822496
kres_radius_250.0_phi_-0.52_thickness_1.4_ER_79.0.csv,0.2591960883155435
kres_radius_250.0_phi_-0.2_thickness_2.4_ER_52.1.csv,0.8370995559947417
kres_radius_250.0_phi_0.27_thickness_1.3_ER_92.4.csv,0.2730964175749211
kres_radius_250.0_phi_-0.23_thickness_1.2_ER_99.1.csv,0.22574252399298927
kres_radius_250.0_phi_0.31_thickness_6.5_ER_18.4.csv,6.724199944794697
kres_radius_250.0_phi_0.02_thickness_3.2_ER_38.6.csv,1.6370066742687226
kres_radius_250.0_phi_0.05_thickness_6.8_ER_18.4.csv,7.1900390876163724
kres_radius_250.0_phi_0.23_thickness_1.3_ER_92.4.csv,0.2774009615934209
kres_radius_250.0_phi_-0.23_thickness_4.8_ER_25.2.csv,3.501413116681463
kres_radius_250.0_phi_0.38_thickness_2.0_ER_58.8.csv,0.6306201273829191
kres_radius_250.0_phi_0.42_thickness_3.6_ER_31.9.csv,2.0789058610516955
kres_radius_250.0_phi_-0.23_thickness_0.6_ER_200.0.csv,0.05546679696431485
kres_radius_250.0_phi_-0.23_thickness_0.7_ER_179.8.csv,0.0686088988409072
kres_radius_250.0_phi_0.31_thickness_1.4_ER_85.7.csv,0.31167028394898366
kres_radius_250.0_phi_0.31_thickness_0.9_ER_126.0.csv,0.14406995489557528
kres_radius_250.0_phi_0.09_thickness_0.9_ER_132.8.csv,0.13875251509205838
kres_radius_250.0_phi_-0.02_thickness_6.8_ER_18.4.csv,7.138438944493453
kres_radius_250.0_phi_-0.05_thickness_0.7_ER_173.1.csv,0.08044557179433932
kres_radius_250.0_phi_0.23_thickness_0.7_ER_166.4.csv,0.08558209526370478
kres_radius_250.0_phi_0.45_thickness_1.5_ER_72.2.csv,0.39155330846622516
kres_radius_250.0_phi_-0.31_thickness_1.3_ER_92.4.csv,0.2458239545667394
kres_radius_250.0_phi_-0.42_thickness_2.9_ER_38.6.csv,1.2601799712865833
kres_radius_250.0_phi_-0.52_thickness_3.4_ER_31.9.csv,1.5886050626565869
kres_radius_250.0_phi_0.45_thickness_0.8_ER_139.5.csv,0.1050320641663226
kres_radius_250.0_phi_-0.09_thickness_2.1_ER_58.8.csv,0.6899603893924935
kres_radius_250.0_phi_-0.02_thickness_1.9_ER_65.5.csv,0.5659832927666588
kres_radius_250.0_phi_-0.09_thickness_0.7_ER_173.1.csv,0.07959128033577695
kres_radius_250.0_phi_-0.05_thickness_5.0_ER_25.2.csv,3.8042045176319546
kres_radius_250.0_phi_0.38_thickness_0.7_ER_173.1.csv,0.07274600703978233
kres_radius_250.0_phi_-0.38_thickness_4.6_ER_25.2.csv,3.0901223725429725
kres_radius_250.0_phi_0.34_thickness_0.9_ER_126.0.csv,0.14086870788323425
kres_radius_250.0_phi_0.02_thickness_1.6_ER_79.0.csv,0.3915755176679858
kres_radius_250.0_phi_-0.05_thickness_1.2_ER_105.9.csv,0.21509624372100158
kres_radius_250.0_phi_-0.31_thickness_1.1_ER_112.6.csv,0.16562558213172324
kres_radius_250.0_phi_0.05_thickness_1.0_ER_126.0.csv,0.15405083363890673
kres_radius_250.0_phi_-0.31_thickness_3.7_ER_31.9.csv,2.0635277969673034
kres_radius_250.0_phi_-0.27_thickness_1.7_ER_72.2.csv,0.41425202534211103
kres_radius_250.0_phi_-0.52_thickness_1.8_ER_58.8.csv,0.46757430938349076
kres_radius_250.0_phi_0.13_thickness_1.0_ER_119.3.csv,0.1711951959030516
kres_radius_250.0_phi_0.13_thickness_6.7_ER_18.4.csv,7.160382242197475
kres_radius_250.0_phi_0.23_thickness_1.2_ER_99.1.csv,0.2410470674085247
kres_radius_250.0_phi_-0.34_thickness_1.0_ER_119.3.csv,0.1427044958414171
kres_radius_250.0_phi_-0.31_thickness_1.6_ER_72.2.csv,0.4022774924453949
kres_radius_250.0_phi_-0.02_thickness_1.3_ER_99.1.csv,0.24719240068205836
kres_radius_250.0_phi_-0.52_thickness_5.8_ER_18.4.csv,4.748887087904766
kres_radius_250.0_phi_0.23_thickness_1.0_ER_126.0.csv,0.14914297013057365
kres_radius_250.0_phi_0.09_thickness_4.9_ER_25.2.csv,3.8593716550047574
kres_radius_250.0_phi_-0.05_thickness_1.4_ER_92.4.csv,0.28225392451632714
kres_radius_250.0_phi_-0.31_thickness_2.0_ER_58.8.csv,0.6073583719713966
kres_radius_250.0_phi_-0.34_thickness_1.4_ER_85.7.csv,0.27665407210508264
kres_radius_250.0_phi_0.05_thickness_1.4_ER_92.4.csv,0.28652942440590834
kres_radius_250.0_phi_0.34_thickness_0.8_ER_146.2.csv,0.10467852162300989
kres_radius_250.0_phi_-0.05_thickness_10.6_ER_11.7.csv,17.536856292786055
kres_radius_250.0_phi_0.2_thickness_1.2_ER_99.1.csv,0.24406782126977353
kres_radius_250.0_phi_-0.49_thickness_1.2_ER_92.4.csv,0.20004701676934133
kres_radius_250.0_phi_0.23_thickness_3.8_ER_31.9.csv,2.328595665798203
kres_radius_250.0_phi_-0.52_thickness_0.6_ER_186.6.csv,0.046441354469047944
kres_radius_250.0_phi_0.31_thickness_0.6_ER_193.3.csv,0.06126281505056296
kres_radius_250.0_phi_0.45_thickness_1.7_ER_65.5.csv,0.47604910240747195
kres_radius_250.0_phi_-0.27_thickness_1.1_ER_112.6.csv,0.1705557336291831
kres_radius_250.0_phi_-0.45_thickness_0.8_ER_146.2.csv,0.08403405291342556
kres_radius_250.0_phi_0.38_thickness_1.0_ER_112.6.csv,0.17196902277440956
kres_radius_250.0_phi_-0.23_thickness_10.4_ER_11.7.csv,16.141029843248717
kres_radius_250.0_phi_-0.31_thickness_0.7_ER_166.4.csv,0.07584014481055165
kres_radius_250.0_phi_0.52_thickness_0.6_ER_179.8.csv,0.05813714897529546
kres_radius_250.0_phi_0.42_thickness_0.7_ER_173.1.csv,0.07058474577238286
kres_radius_250.0_phi_-0.16_thickness_1.9_ER_65.5.csv,0.5391466579747914
kres_radius_250.0_phi_-0.09_thickness_0.9_ER_139.5.csv,0.12258458845856264
kres_radius_250.0_phi_0.49_thickness_4.3_ER_25.2.csv,3.1011894301542755
kres_radius_250.0_phi_0.49_thickness_1.0_ER_112.6.csv,0.1550271075262683
kres_radius_250.0_phi_0.45_thickness_9.5_ER_11.7.csv,14.866239270683165
kres_radius_250.0_phi_-0.45_thickness_0.8_ER_139.5.csv,0.09233151701310806
kres_radius_250.0_phi_-0.02_thickness_5.0_ER_25.2.csv,3.834114631052053
kres_radius_250.0_phi_-0.16_thickness_3.9_ER_31.9.csv,2.274734182952809
kres_radius_250.0_phi_-0.13_thickness_4.9_ER_25.2.csv,3.7131064063444104
kres_radius_250.0_phi_0.45_thickness_1.1_ER_105.9.csv,0.18234010543252172
kres_radius_250.0_phi_-0.09_thickness_3.9_ER_31.9.csv,2.3441719222483135
kres_radius_250.0_phi_-0.2_thickness_3.2_ER_38.6.csv,1.521580594406578
kres_radius_250.0_phi_0.38_thickness_4.6_ER_25.2.csv,3.4400984721436103
kres_radius_250.0_phi_0.38_thickness_3.0_ER_38.6.csv,1.4614385170641984
kres_radius_250.0_phi_0.02_thickness_1.0_ER_126.0.csv,0.15371340140486928
kres_radius_250.0_phi_-0.34_thickness_1.5_ER_79.0.csv,0.325775851416851
kres_radius_250.0_phi_-0.23_thickness_0.7_ER_186.6.csv,0.06375210723892402
kres_radius_250.0_phi_-0.31_thickness_0.6_ER_200.0.csv,0.052485314247329044
kres_radius_250.0_phi_-0.13_thickness_1.7_ER_72.2.csv,0.4508323383760484
kres_radius_250.0_phi_0.42_thickness_0.8_ER_146.2.csv,0.09894334212366263
kres_radius_250.0_phi_0.52_thickness_2.4_ER_45.3.csv,0.914346591328864
kres_radius_250.0_phi_-0.02_thickness_0.6_ER_200.0.csv,0.06073720829035787
kres_radius_250.0_phi_-0.16_thickness_24.7_ER_5.0.csv,92.5716734976931
kres_radius_250.0_phi_-0.27_thickness_24.1_ER_5.0.csv,86.47621857441894
kres_radius_250.0_phi_0.52_thickness_0.8_ER_139.5.csv,0.09663296470887038
kres_radius_250.0_phi_0.27_thickness_0.9_ER_139.5.csv,0.11988049826290537
kres_radius_250.0_phi_-0.2_thickness_1.0_ER_119.3.csv,0.15943321674827182
kres_radius_250.0_phi_-0.31_thickness_0.9_ER_126.0.csv,0.1321657809069261
kres_radius_250.0_phi_-0.27_thickness_1.8_ER_65.5.csv,0.5036461206446423
kres_radius_250.0_phi_0.31_thickness_1.3_ER_92.4.csv,0.26796532206488954
kres_radius_250.0_phi_-0.23_thickness_0.8_ER_159.7.csv,0.08704164547483788
kres_radius_250.0_phi_0.42_thickness_0.8_ER_139.5.csv,0.10871293909906368
kres_radius_250.0_phi_-0.09_thickness_0.8_ER_152.9.csv,0.10197311286915031
kres_radius_250.0_phi_-0.23_thickness_0.7_ER_166.4.csv,0.08014832290282381
kres_radius_250.0_phi_0.45_thickness_0.7_ER_166.4.csv,0.0738183472175242
kres_radius_250.0_phi_-0.45_thickness_22.4_ER_5.0.csv,71.8540113986397
kres_radius_250.0_phi_-0.2_thickness_6.6_ER_18.4.csv,6.668427627298839
kres_radius_250.0_phi_0.16_thickness_0.6_ER_193.3.csv,0.06482022491653153
kres_radius_250.0_phi_-0.16_thickness_0.7_ER_179.8.csv,0.07156579397651686
kres_radius_250.0_phi_-0.16_thickness_0.8_ER_146.2.csv,0.10826358553360832
kres_radius_250.0_phi_0.05_thickness_3.9_ER_31.9.csv,2.405223009908542
kres_radius_250.0_phi_0.16_thickness_3.2_ER_38.6.csv,1.623400674811366
kres_radius_250.0_phi_-0.52_thickness_1.2_ER_92.4.csv,0.1892473555824713
kres_radius_250.0_phi_0.02_thickness_1.4_ER_92.4.csv,0.28590181167892126
kres_radius_250.0_phi_0.23_thickness_0.7_ER_186.6.csv,0.06807427426271562
kres_radius_250.0_phi_-0.27_thickness_1.5_ER_79.0.csv,0.3467062976539651
kres_radius_250.0_phi_-0.45_thickness_4.4_ER_25.2.csv,2.8349232307307175
kres_radius_250.0_phi_0.02_thickness_25.0_ER_5.0.csv,97.66759439727392
kres_radius_250.0_phi_0.34_thickness_3.7_ER_31.9.csv,2.1994081406338317
kres_radius_250.0_phi_-0.2_thickness_0.9_ER_132.8.csv,0.12876847344399467
kres_radius_250.0_phi_-0.23_thickness_1.0_ER_119.3.csv,0.15586079136285474
kres_radius_250.0_phi_0.45_thickness_0.8_ER_132.8.csv,0.11594112057284359
kres_radius_250.0_phi_-0.52_thickness_1.0_ER_105.9.csv,0.1442190587417948
kres_radius_250.0_phi_0.42_thickness_0.7_ER_166.4.csv,0.07640532964052116
kres_radius_250.0_phi_-0.38_thickness_2.0_ER_58.8.csv,0.5664644137316157
kres_radius_250.0_phi_-0.42_thickness_0.6_ER_193.3.csv,0.05031730640594695
kres_radius_250.0_phi_0.27_thickness_1.7_ER_72.2.csv,0.446907390500194
kres_radius_250.0_phi_-0.16_thickness_1.2_ER_99.1.csv,0.23547153848486924
kres_radius_250.0_phi_0.02_thickness_0.7_ER_173.1.csv,0.08148526103564566
kres_radius_250.0_phi_-0.34_thickness_0.6_ER_186.6.csv,0.05837075663999743
kres_radius_250.0_phi_0.02_thickness_5.0_ER_25.2.csv,3.8533705614612215
kres_radius_250.0_phi_0.49_thickness_1.9_ER_58.8.csv,0.5684931664946857
kres_radius_250.0_phi_-0.23_thickness_1.1_ER_105.9.csv,0.19797589893575016
kres_radius_250.0_phi_0.31_thickness_2.0_ER_58.8.csv,0.6620631501961156
kres_radius_250.0_phi_0.13_thickness_0.8_ER_152.9.csv,0.1041973136853624
kres_radius_250.0_phi_-0.23_thickness_24.3_ER_5.0.csv,88.74687514290378
kres_radius_250.0_phi_0.42_thickness_4.5_ER_25.2.csv,3.337894215354396
kres_radius_250.0_phi_-0.38_thickness_1.0_ER_119.3.csv,0.13755272581176706
kres_radius_250.0_phi_0.09_thickness_0.9_ER_139.5.csv,0.1256971038090967
kres_radius_250.0_phi_-0.23_thickness_2.3_ER_52.1.csv,0.8183426384279425
kres_radius_250.0_phi_-0.27_thickness_3.1_ER_38.6.csv,1.4494280098271357
kres_radius_250.0_phi_0.34_thickness_2.6_ER_45.3.csv,1.0882728333963616
kres_radius_250.0_phi_-0.13_thickness_1.0_ER_126.0.csv,0.14811817508694955
kres_radius_250.0_phi_-0.34_thickness_23.5_ER_5.0.csv,81.25570237408365
kres_radius_250.0_phi_-0.23_thickness_1.4_ER_85.7.csv,0.302159524532232
kres_radius_250.0_phi_-0.31_thickness_2.3_ER_52.1.csv,0.7743546209728296
kres_radius_250.0_phi_-0.23_thickness_1.1_ER_112.6.csv,0.17503411512229355
kres_radius_250.0_phi_0.52_thickness_0.7_ER_146.2.csv,0.08794894671094332
kres_radius_250.0_phi_-0.38_thickness_0.8_ER_139.5.csv,0.10064317908866112
kres_radius_250.0_phi_0.23_thickness_10.4_ER_11.7.csv,17.235334485714418
kres_radius_250.0_phi_0.13_thickness_0.8_ER_146.2.csv,0.11400189164699248
kres_radius_250.0_phi_-0.45_thickness_0.6_ER_173.1.csv,0.05994867500739669
kres_radius_250.0_phi_-0.49_thickness_0.7_ER_152.9.csv,0.07304902421138186
kres_radius_250.0_phi_0.16_thickness_1.0_ER_119.3.csv,0.17010205874598028
kres_radius_250.0_phi_0.52_thickness_1.2_ER_92.4.csv,0.2201368601568633
kres_radius_250.0_phi_0.09_thickness_3.2_ER_38.6.csv,1.6395560865370182
kres_radius_250.0_phi_0.49_thickness_0.6_ER_173.1.csv,0.06557927046115195
kres_radius_250.0_phi_0.52_thickness_4.2_ER_25.2.csv,2.9669937781772466
kres_radius_250.0_phi_-0.05_thickness_2.8_ER_45.3.csv,1.1723521158010488
kres_radius_250.0_phi_-0.42_thickness_0.6_ER_186.6.csv,0.05400998889514147
kres_radius_250.0_phi_-0.31_thickness_1.2_ER_99.1.csv,0.21360828385998015
kres_radius_250.0_phi_0.52_thickness_1.4_ER_79.0.csv,0.3015028287772268
kres_radius_250.0_phi_-0.42_thickness_1.7_ER_65.5.csv,0.4378863589977533
kres_radius_250.0_phi_-0.2_thickness_0.7_ER_186.6.csv,0.06521334482332679
kres_radius_250.0_phi_-0.16_thickness_10.5_ER_11.7.csv,16.83667331564876
kres_radius_250.0_phi_-0.31_thickness_0.7_ER_179.8.csv,0.06492099441301682
kres_radius_250.0_phi_-0.38_thickness_0.7_ER_173.1.csv,0.06534524104094185
kres_radius_250.0_phi_0.23_thickness_0.7_ER_179.8.csv,0.07326033912973534
kres_radius_250.0_phi_-0.49_thickness_0.6_ER_173.1.csv,0.057015670118098
kres_radius_250.0_phi_0.38_thickness_0.7_ER_166.4.csv,0.07874481358663396
kres_radius_250.0_phi_0.09_thickness_1.0_ER_119.3.csv,0.1717948440435727
kres_radius_250.0_phi_-0.2_thickness_1.3_ER_92.4.csv,0.26574274582641044
kres_radius_250.0_phi_0.27_thickness_3.1_ER_38.6.csv,1.5636859929768132
kres_radius_250.0_phi_-0.42_thickness_1.6_ER_72.2.csv,0.36016421778911933
kres_radius_250.0_phi_-0.09_thickness_0.9_ER_146.2.csv,0.11156840184305541
kres_radius_250.0_phi_-0.27_thickness_0.6_ER_200.0.csv,0.05404763660901185
kres_radius_250.0_phi_-0.16_thickness_0.6_ER_193.3.csv,0.06195307761847646
kres_radius_250.0_phi_0.49_thickness_0.6_ER_186.6.csv,0.05646501984512878
kres_radius_250.0_phi_-0.09_thickness_0.6_ER_193.3.csv,0.06384423557638857
kres_radius_250.0_phi_-0.45_thickness_0.6_ER_186.6.csv,0.05161696829163488
kres_radius_250.0_phi_-0.13_thickness_0.8_ER_159.7.csv,0.09230412997872525
kres_radius_250.0_phi_0.27_thickness_1.0_ER_119.3.csv,0.16384507581193108
kres_radius_250.0_phi_0.2_thickness_0.7_ER_179.8.csv,0.07417842311508205
kres_radius_250.0_phi_-0.27_thickness_0.9_ER_139.5.csv,0.11112087260147557
kres_radius_250.0_phi_0.49_thickness_1.5_ER_72.2.csv,0.3765355283529289
kres_radius_250.0_phi_0.42_thickness_9.7_ER_11.7.csv,15.387230340504823
kres_radius_250.0_phi_-0.13_thickness_1.2_ER_105.9.csv,0.20994540036933396
kres_radius_250.0_phi_0.27_thickness_0.6_ER_200.0.csv,0.0583081958855563
kres_radius_250.0_phi_-0.02_thickness_25.0_ER_5.0.csv,97.17953326457258
kres_radius_250.0_phi_0.49_thickness_1.4_ER_79.0.csv,0.31513965167125213
kres_radius_250.0_phi_-0.38_thickness_9.9_ER_11.7.csv,14.24503643882483
kres_radius_250.0_phi_0.27_thickness_24.1_ER_5.0.csv,93.29311341689012
kres_radius_250.0_phi_0.05_thickness_10.6_ER_11.7.csv,17.802499462396156
kres_radius_250.0_phi_-0.16_thickness_0.6_ER_200.0.csv,0.057857295936058185
kres_radius_250.0_phi_-0.09_thickness_6.7_ER_18.4.csv,7.007536382124948
kres_radius_250.0_phi_0.2_thickness_0.8_ER_159.7.csv,0.09410750085987116
kres_radius_250.0_phi_0.13_thickness_2.4_ER_52.1.csv,0.8988554919841119
kres_radius_250.0_phi_-0.2_thickness_1.2_ER_99.1.csv,0.2309166817540852
kres_radius_250.0_phi_0.27_thickness_2.7_ER_45.3.csv,1.1343160719918546
kres_radius_250.0_phi_-0.34_thickness_0.7_ER_173.1.csv,0.06779262005424949
kres_radius_250.0_phi_-0.38_thickness_1.0_ER_112.6.csv,0.15447387014140418
kres_radius_250.0_phi_-0.38_thickness_3.0_ER_38.6.csv,1.3127600544707834
kres_radius_250.0_phi_-0.13_thickness_2.4_ER_52.1.csv,0.8678191324682849
kres_radius_250.0_phi_0.38_thickness_3.6_ER_31.9.csv,2.1425606729645934
kres_radius_250.0_phi_-0.02_thickness_1.4_ER_92.4.csv,0.2844731130106424
kres_radius_250.0_phi_0.49_thickness_2.4_ER_45.3.csv,0.9557020326037464
kres_radius_250.0_phi_0.09_thickness_24.9_ER_5.0.csv,97.81969821412768
kres_radius_250.0_phi_-0.27_thickness_0.6_ER_186.6.csv,0.06212096089350379
kres_radius_250.0_phi_0.02_thickness_0.6_ER_200.0.csv,0.06104224649829622
kres_radius_250.0_phi_-0.16_thickness_1.0_ER_126.0.csv,0.14569322501372645
kres_radius_250.0_phi_-0.27_thickness_0.9_ER_132.8.csv,0.12266233736057741
kres_radius_250.0_phi_-0.45_thickness_9.5_ER_11.7.csv,13.068603716750857
kres_radius_250.0_phi_-0.52_thickness_2.4_ER_45.3.csv,0.7860458915037325
kres_radius_250.0_phi_-0.49_thickness_0.6_ER_193.3.csv,0.04573518429668033
kres_radius_250.0_phi_-0.31_thickness_1.8_ER_65.5.csv,0.48908752667040145
kres_radius_250.0_phi_-0.34_thickness_1.2_ER_99.1.csv,0.2066874728063647
kres_radius_250.0_phi_-0.16_thickness_2.1_ER_58.8.csv,0.6695227716614054
kres_radius_250.0_phi_0.49_thickness_1.0_ER_105.9.csv,0.1753465657279349
kres_radius_250.0_phi_0.34_thickness_4.7_ER_25.2.csv,3.531372847306854
kres_radius_250.0_phi_-0.27_thickness_4.8_ER_25.2.csv,3.4118267883789803
kres_radius_250.0_phi_-0.34_thickness_6.4_ER_18.4.csv,5.968734884846217
kres_radius_250.0_phi_-0.45_thickness_1.0_ER_112.6.csv,0.14171657630644752
kres_radius_250.0_phi_-0.02_thickness_1.7_ER_72.2.csv,0.4655247320048619
kres_radius_250.0_phi_0.13_thickness_1.7_ER_72.2.csv,0.46695573783994687
kres_radius_250.0_phi_0.05_thickness_1.6_ER_79.0.csv,0.3924351057098445
kres_radius_250.0_phi_0.16_thickness_2.1_ER_58.8.csv,0.7005078410001212
kres_radius_250.0_phi_-0.13_thickness_0.9_ER_132.8.csv,0.13349397226789922
kres_radius_250.0_phi_-0.09_thickness_2.7_ER_45.3.csv,1.1599023267496793
kres_radius_250.0_phi_0.05_thickness_1.9_ER_65.5.csv,0.5700744980202205
kres_radius_250.0_phi_-0.2_thickness_1.2_ER_105.9.csv,0.20251362853967786
kres_radius_250.0_phi_-0.34_thickness_1.6_ER_72.2.csv,0.38924388501207197
kres_radius_250.0_phi_0.05_thickness_1.1_ER_112.6.csv,0.19305117273350186
kres_radius_250.0_phi_0.23_thickness_1.1_ER_112.6.csv,0.18690080805504453
kres_radius_250.0_phi_0.09_thickness_0.7_ER_173.1.csv,0.08161216309868238
kres_radius_250.0_phi_-0.34_thickness_0.9_ER_132.8.csv,0.1152572873951836
kres_radius_250.0_phi_-0.2_thickness_1.9_ER_65.5.csv,0.5287176447710833
kres_radius_250.0_phi_-0.42_thickness_0.7_ER_152.9.csv,0.08036766857778532
kres_radius_250.0_phi_-0.16_thickness_2.7_ER_45.3.csv,1.1255443538515792
kres_radius_250.0_phi_0.23_thickness_0.8_ER_146.2.csv,0.11082706626850006
kres_radius_250.0_phi_0.2_thickness_1.2_ER_105.9.csv,0.2140471607319941
kres_radius_250.0_phi_-0.45_thickness_0.7_ER_159.7.csv,0.07047337020074727
kres_radius_250.0_phi_-0.05_thickness_0.7_ER_179.8.csv,0.07454198468522996
kres_radius_250.0_phi_-0.45_thickness_1.4_ER_79.0.csv,0.2880819568002897
kres_radius_250.0_phi_-0.05_thickness_3.2_ER_38.6.csv,1.6161197285124909
kres_radius_250.0_phi_-0.45_thickness_0.7_ER_152.9.csv,0.07680681824812108
kres_radius_250.0_phi_0.2_thickness_0.7_ER_173.1.csv,0.0800532168212795
kres_radius_250.0_phi_-0.38_thickness_1.3_ER_92.4.csv,0.2292724176219857
kres_radius_250.0_phi_-0.02_thickness_0.9_ER_146.2.csv,0.113652527973013
kres_radius_250.0_phi_0.23_thickness_0.9_ER_132.8.csv,0.1344175858693599
kres_radius_250.0_phi_-0.34_thickness_0.8_ER_152.9.csv,0.08685655598607002
radius_250.0_phi_-0.47_thickness_20.0.csv,57.31899636889869
radius_250.0_phi_-0.12_thickness_50.0.csv,383.1628238788461
radius_250.0_phi_-0.12_thickness_46.7.csv,333.77739324557285
radius_250.0_phi_-0.41_thickness_43.3.csv,272.62913946093704
radius_250.0_phi_-0.06_thickness_46.7.csv,336.76364703889334
radius_250.0_phi_-0.12_thickness_5.0.csv,3.8316282387884595
radius_250.0_phi_-0.17_thickness_6.0.csv,5.465392438076998
radius_250.0_phi_-0.23_thickness_10.0.csv,15.02879064654241
radius_250.0_phi_-0.35_thickness_1.0.csv,0.1469778210681335
radius_250.0_phi_-0.12_thickness_1.0.csv,0.15326512955153865
radius_250.0_phi_-0.47_thickness_10.0.csv,14.329749092224672
radius_250.0_phi_-0.35_thickness_50.0.csv,367.44455267033317
radius_250.0_phi_-0.47_thickness_46.7.csv,312.070091341782
radius_250.0_phi_-0.29_thickness_20.0.csv,59.470544478630394
radius_250.0_phi_-0.06_thickness_26.7.csv,109.96363984943457
radius_250.0_phi_-0.52_thickness_5.0.csv,3.5324999999999958
radius_250.0_phi_-0.52_thickness_10.0.csv,14.129999999999983
radius_250.0_phi_-0.35_thickness_9.0.csv,11.90520350651879
radius_250.0_phi_-0.47_thickness_43.3.csv,269.0808440651084
radius_250.0_phi_-0.41_thickness_30.0.csv,130.66840412033065
radius_250.0_phi_-0.41_thickness_36.7.csv,195.19601109333345
radius_250.0_phi_0.0_thickness_43.3.csv,292.80582112611364
radius_250.0_phi_-0.52_thickness_43.3.csv,265.3300000000004
radius_250.0_phi_-0.17_thickness_1.0.csv,0.1518164566132502
radius_250.0_phi_-0.23_thickness_20.0.csv,60.11516258616964
radius_250.0_phi_-0.23_thickness_30.0.csv,135.2591158188818
radius_250.0_phi_-0.23_thickness_23.3.csv,81.82341574228651
radius_250.0_phi_-0.35_thickness_36.7.csv,197.60351499160143
radius_250.0_phi_-0.29_thickness_8.0.csv,9.515287116580879
radius_250.0_phi_-0.29_thickness_7.0.csv,7.285141698632236
radius_250.0_phi_-0.17_thickness_3.0.csv,1.3663481095192496
radius_250.0_phi_-0.52_thickness_3.0.csv,1.2716999999999994
radius_250.0_phi_-0.29_thickness_4.0.csv,2.3788217791452198
radius_250.0_phi_-0.52_thickness_20.0.csv,56.51999999999993
radius_250.0_phi_-0.23_thickness_1.0.csv,0.1502879064654244
radius_250.0_phi_0.0_thickness_23.3.csv,84.89636233834051
radius_250.0_phi_-0.35_thickness_8.0.csv,9.406580548360544
radius_250.0_phi_-0.47_thickness_3.0.csv,1.2896774183002213
radius_250.0_phi_-0.17_thickness_30.0.csv,136.63481095192506
radius_250.0_phi_-0.06_thickness_43.3.csv,290.3727364774133
radius_250.0_phi_-0.47_thickness_4.0.csv,2.2927598547559516
radius_250.0_phi_-0.52_thickness_7.0.csv,6.923700000000007
radius_250.0_phi_-0.29_thickness_2.0.csv,0.5947054447863049
radius_250.0_phi_-0.47_thickness_33.3.csv,159.2194343580521
radius_250.0_phi_-0.06_thickness_36.7.csv,207.9000065903371
radius_250.0_phi_-0.41_thickness_40.0.csv,232.29938510281
radius_250.0_phi_-0.52_thickness_6.0.csv,5.0867999999999975
radius_250.0_phi_-0.47_thickness_9.0.csv,11.607096764701993
radius_250.0_phi_-0.23_thickness_8.0.csv,9.618426013787161
radius_250.0_phi_-0.12_thickness_3.0.csv,1.3793861659638458
radius_250.0_phi_-0.52_thickness_4.0.csv,2.260800000000003
radius_250.0_phi_-0.47_thickness_23.3.csv,78.01752283544548
radius_250.0_phi_-0.52_thickness_26.7.csv,100.48000000000009
radius_250.0_phi_-0.29_thickness_26.7.csv,105.72541240645421
radius_250.0_phi_-0.41_thickness_1.0.csv,0.14518711568925646
radius_250.0_phi_-0.17_thickness_10.0.csv,15.181645661324984
radius_250.0_phi_-0.17_thickness_33.3.csv,168.68495179249993
radius_250.0_phi_-0.12_thickness_43.3.csv,287.7978543801114
radius_250.0_phi_-0.35_thickness_5.0.csv,3.67444552670333
radius_250.0_phi_-0.35_thickness_20.0.csv,58.79112842725328
radius_250.0_phi_-0.17_thickness_4.0.csv,2.429063305812003
radius_250.0_phi_-0.35_thickness_30.0.csv,132.2800389613199
radius_250.0_phi_-0.35_thickness_2.0.csv,0.587911284272534
radius_250.0_phi_-0.47_thickness_5.0.csv,3.582437273056168
radius_250.0_phi_0.0_thickness_20.0.csv,62.37283763633177
radius_250.0_phi_-0.12_thickness_6.0.csv,5.517544663855383
radius_250.0_phi_-0.06_thickness_5.0.csv,3.8659092134566793
radius_250.0_phi_-0.52_thickness_8.0.csv,9.043200000000011
radius_250.0_phi_-0.17_thickness_5.0.csv,3.795411415331246
radius_250.0_phi_0.0_thickness_36.7.csv,209.64203761100416
radius_250.0_phi_-0.17_thickness_23.3.csv,82.65562637832498
radius_250.0_phi_-0.12_thickness_8.0.csv,9.808968291298473
radius_250.0_phi_-0.35_thickness_4.0.csv,2.351645137090136
radius_250.0_phi_-0.29_thickness_33.3.csv,165.19595688508448
radius_250.0_phi_0.0_thickness_1.0.csv,0.15593209409082973
radius_250.0_phi_-0.52_thickness_40.0.csv,226.07999999999973
radius_250.0_phi_-0.23_thickness_5.0.csv,3.7571976616356024
radius_250.0_phi_-0.12_thickness_36.7.csv,206.05645195262392
radius_250.0_phi_-0.35_thickness_43.3.csv,275.99168622793945
radius_250.0_phi_-0.12_thickness_33.3.csv,170.29458839059825
radius_250.0_phi_-0.06_thickness_9.0.csv,12.525545851599647
radius_250.0_phi_-0.47_thickness_26.7.csv,101.90043798915342
radius_250.0_phi_-0.29_thickness_50.0.csv,371.6909029914401
radius_250.0_phi_-0.23_thickness_2.0.csv,0.6011516258616976
radius_250.0_phi_-0.52_thickness_23.3.csv,76.92999999999996
radius_250.0_phi_-0.29_thickness_10.0.csv,14.867636119657599
radius_250.0_phi_-0.52_thickness_36.7.csv,189.96999999999989
radius_250.0_phi_-0.29_thickness_3.0.csv,1.3380872507691846
radius_250.0_phi_-0.52_thickness_2.0.csv,0.5652000000000007
radius_250.0_phi_-0.41_thickness_7.0.csv,7.1141686687735675
radius_250.0_phi_-0.29_thickness_23.3.csv,80.94601887369137
radius_250.0_phi_-0.29_thickness_40.0.csv,237.88217791452158
radius_250.0_phi_-0.41_thickness_6.0.csv,5.226736164813226
radius_250.0_phi_-0.23_thickness_50.0.csv,375.71976616356045
radius_250.0_phi_-0.23_thickness_33.3.csv,166.98656273936015
radius_250.0_phi_-0.12_thickness_7.0.csv,7.509991348025392
radius_250.0_phi_-0.41_thickness_50.0.csv,362.9677892231407
radius_250.0_phi_-0.06_thickness_33.3.csv,171.81818726474137
radius_250.0_phi_-0.17_thickness_8.0.csv,9.716253223248012
radius_250.0_phi_-0.41_thickness_20.0.csv,58.0748462757025
radius_250.0_phi_-0.06_thickness_8.0.csv,9.896727586449114
radius_250.0_phi_-0.06_thickness_7.0.csv,7.5771820583751035
radius_250.0_phi_-0.41_thickness_23.3.csv,79.04631854192837
radius_250.0_phi_-0.47_thickness_40.0.csv,229.27598547559475
radius_250.0_phi_-0.06_thickness_4.0.csv,2.4741818966122784
radius_250.0_phi_0.0_thickness_6.0.csv,5.61355538726986
radius_250.0_phi_-0.41_thickness_33.3.csv,161.31901743250702
radius_250.0_phi_0.0_thickness_2.0.csv,0.6237283763633189
radius_250.0_phi_-0.41_thickness_9.0.csv,11.760156370829758
radius_250.0_phi_-0.12_thickness_9.0.csv,12.414475493674615
radius_250.0_phi_-0.17_thickness_20.0.csv,60.726582645299935
radius_250.0_phi_-0.06_thickness_30.0.csv,139.17273168444055
radius_250.0_phi_-0.29_thickness_9.0.csv,12.042785256922656
radius_250.0_phi_-0.35_thickness_26.7.csv,104.51756164845042
radius_250.0_phi_-0.52_thickness_50.0.csv,353.25
radius_250.0_phi_-0.23_thickness_4.0.csv,2.4046065034467903
radius_250.0_phi_-0.52_thickness_1.0.csv,0.14130000000000018
radius_250.0_phi_-0.06_thickness_20.0.csv,61.85454741530687
radius_250.0_phi_-0.06_thickness_40.0.csv,247.41818966122747
radius_250.0_phi_-0.17_thickness_43.3.csv,285.0775685293254
radius_250.0_phi_-0.29_thickness_5.0.csv,3.7169090299143996
radius_250.0_phi_-0.23_thickness_9.0.csv,12.173320423699359
radius_250.0_phi_0.0_thickness_50.0.csv,389.83023522707384
radius_250.0_phi_-0.47_thickness_7.0.csv,7.0215770551900984
radius_250.0_phi_-0.29_thickness_6.0.csv,5.352349003076738
radius_250.0_phi_0.0_thickness_40.0.csv,249.49135054532707
radius_250.0_phi_-0.52_thickness_46.7.csv,307.71999999999997
radius_250.0_phi_-0.41_thickness_5.0.csv,3.629677892231406
radius_250.0_phi_-0.06_thickness_3.0.csv,1.391727316844404
radius_250.0_phi_-0.35_thickness_33.3.csv,163.3086900757035
radius_250.0_phi_-0.47_thickness_50.0.csv,358.2437273056172
radius_250.0_phi_-0.47_thickness_8.0.csv,9.171039419023806
radius_250.0_phi_-0.47_thickness_36.7.csv,192.65551557324292
radius_250.0_phi_-0.47_thickness_30.0.csv,128.96774183002216
radius_250.0_phi_-0.41_thickness_8.0.csv,9.291975404112414
radius_250.0_phi_-0.35_thickness_23.3.csv,80.02125813709478
radius_250.0_phi_-0.35_thickness_46.7.csv,320.0850325483792
radius_250.0_phi_-0.12_thickness_4.0.csv,2.4522420728246184
radius_250.0_phi_0.0_thickness_46.7.csv,339.58544935336215
radius_250.0_phi_0.0_thickness_9.0.csv,12.630499621357194
radius_250.0_phi_-0.47_thickness_2.0.csv,0.5731899636889879
radius_250.0_phi_0.0_thickness_5.0.csv,3.8983023522707354
radius_250.0_phi_-0.23_thickness_7.0.csv,7.364107416805792
radius_250.0_phi_0.0_thickness_4.0.csv,2.4949135054532756
radius_250.0_phi_-0.17_thickness_26.7.csv,107.95836914720006
radius_250.0_phi_0.0_thickness_33.3.csv,173.25788232314383
radius_250.0_phi_0.0_thickness_8.0.csv,9.979654021813102
radius_250.0_phi_-0.29_thickness_46.7.csv,323.78407549476566
radius_250.0_phi_0.0_thickness_7.0.csv,7.640672610450656
radius_250.0_phi_0.0_thickness_26.7.csv,110.88504468681224
radius_250.0_phi_-0.35_thickness_6.0.csv,5.291201558452794
radius_250.0_phi_-0.29_thickness_43.3.csv,279.1811671357932
radius_250.0_phi_-0.17_thickness_2.0.csv,0.6072658264530008
radius_250.0_phi_-0.17_thickness_46.7.csv,330.6225055133
radius_250.0_phi_-0.23_thickness_3.0.csv,1.352591158188817
radius_250.0_phi_-0.12_thickness_2.0.csv,0.6130605182061546
radius_250.0_phi_-0.06_thickness_50.0.csv,386.5909213456683
radius_250.0_phi_-0.41_thickness_46.7.csv,316.18527416771366
radius_250.0_phi_-0.12_thickness_20.0.csv,61.30605182061535
radius_250.0_phi_-0.17_thickness_7.0.csv,7.439006374049257
radius_250.0_phi_-0.41_thickness_26.7.csv,103.2441711568046
radius_250.0_phi_-0.41_thickness_10.0.csv,14.518711568925625
radius_250.0_phi_-0.23_thickness_36.7.csv,202.05374091462585
radius_250.0_phi_-0.35_thickness_40.0.csv,235.1645137090131
radius_250.0_phi_0.0_thickness_30.0.csv,140.33888468174666
radius_250.0_phi_-0.12_thickness_23.3.csv,83.44434831139314
radius_250.0_phi_-0.35_thickness_3.0.csv,1.3228003896131986
radius_250.0_phi_-0.06_thickness_23.3.csv,84.1909117597233
radius_250.0_phi_-0.47_thickness_6.0.csv,5.158709673200885
radius_250.0_phi_-0.23_thickness_40.0.csv,240.46065034467856
radius_250.0_phi_-0.12_thickness_26.7.csv,108.988536569983
radius_250.0_phi_-0.12_thickness_40.0.csv,245.2242072824614
radius_250.0_phi_-0.52_thickness_33.3.csv,157.0
radius_250.0_phi_-0.52_thickness_9.0.csv,11.445299999999994
radius_250.0_phi_-0.12_thickness_30.0.csv,137.93861659638463
radius_250.0_phi_-0.06_thickness_10.0.csv,15.463636853826717
radius_250.0_phi_0.0_thickness_3.0.csv,1.403388846817465
radius_250.0_phi_-0.06_thickness_6.0.csv,5.566909267377616
radius_250.0_phi_-0.12_thickness_10.0.csv,15.326512955153838
radius_250.0_phi_-0.17_thickness_40.0.csv,242.90633058119974
radius_250.0_phi_-0.06_thickness_2.0.csv,0.6185454741530696
radius_250.0_phi_-0.17_thickness_36.7.csv,204.10879166892488
radius_250.0_phi_-0.35_thickness_7.0.csv,7.201913232338539
radius_250.0_phi_-0.23_thickness_26.7.csv,106.87140015319066
radius_250.0_phi_-0.29_thickness_36.7.csv,199.88710783095215
radius_250.0_phi_-0.29_thickness_30.0.csv,133.8087250769185
radius_250.0_phi_-0.23_thickness_43.3.csv,282.2072910295192
radius_250.0_phi_-0.41_thickness_4.0.csv,2.3229938510281034
radius_250.0_phi_-0.23_thickness_6.0.csv,5.410364632755268
radius_250.0_phi_-0.35_thickness_10.0.csv,14.69778210681332
radius_250.0_phi_0.0_thickness_10.0.csv,15.593209409082942
radius_250.0_phi_-0.47_thickness_1.0.csv,0.14329749092224697
radius_250.0_phi_-0.29_thickness_1.0.csv,0.14867636119657623
radius_250.0_phi_-0.06_thickness_1.0.csv,0.1546363685382674
radius_250.0_phi_-0.41_thickness_3.0.csv,1.3066840412033065
radius_250.0_phi_-0.23_thickness_46.7.csv,327.29366296914617
radius_250.0_phi_-0.41_thickness_2.0.csv,0.5807484627570259
radius_250.0_phi_-0.52_thickness_30.0.csv,127.16999999999996
radius_250.0_phi_-0.17_thickness_50.0.csv,379.54114153312514
radius_250.0_phi_-0.17_thickness_9.0.csv,12.297132985673247